"title","url","source","type"
"国务院办公厅关于同意河北、浙江、湖北省开展行政备案规范管理改革试点的复函","https://www.gov.cn/zhengce/content/2021-07/07/content_5623007.htm","国务院-复函","提案答复函"
"关于商请协助推荐生态环境科技帮扶专家的函","https://www.mee.gov.cn/xxgk2018/xxgk/xxgk06/202107/t20210722_849541.html","生态环境部-商洽函","提案答复函"
"对十三届全国人大五次会议第0461号建议的答复","https://www.ndrc.gov.cn/xxgk/jianyitianfuwen/qgrddbjyfwgk/202301/t20230111_1346318.html","NDRC-人大代表建议复文","建议答复函"
"对十三届全国人大五次会议第1166号建议的答复","https://www.ndrc.gov.cn/xxgk/jianyitianfuwen/qgrddbjyfwgk/202301/t20230111_1346319.html","NDRC-人大代表建议复文","建议答复函"
"对十三届全国人大五次会议第1434号建议的答复","https://www.ndrc.gov.cn/xxgk/jianyitianfuwen/qgrddbjyfwgk/202301/t20230111_1346320.html","NDRC-人大代表建议复文","建议答复函"
"对十三届全国人大五次会议第3134号建议的答复","https://www.ndrc.gov.cn/xxgk/jianyitianfuwen/qgrddbjyfwgk/202301/t20230111_1346321.html","NDRC-人大代表建议复文","建议答复函"
"对十三届全国人大五次会议第3267号建议的答复","https://www.ndrc.gov.cn/xxgk/jianyitianfuwen/qgrddbjyfwgk/202301/t20230111_1346322.html","NDRC-人大代表建议复文","建议答复函"
"对十三届全国人大五次会议第3462号建议的答复","https://www.ndrc.gov.cn/xxgk/jianyitianfuwen/qgrddbjyfwgk/202301/t20230111_1346323.html","NDRC-人大代表建议复文","建议答复函"
"对十三届全国人大五次会议第4719号建议的答复","https://www.ndrc.gov.cn/xxgk/jianyitianfuwen/qgrddbjyfwgk/202301/t20230111_1346324.html","NDRC-人大代表建议复文","建议答复函"
"对十三届全国人大五次会议第6959号建议的答复","https://www.ndrc.gov.cn/xxgk/jianyitianfuwen/qgrddbjyfwgk/202301/t20230111_1346325.html","NDRC-人大代表建议复文","建议答复函"
"对十三届全国人大五次会议第8319号建议的答复","https://www.ndrc.gov.cn/xxgk/jianyitianfuwen/qgrddbjyfwgk/202301/t20230111_1346326.html","NDRC-人大代表建议复文","建议答复函"
"对十三届全国人大五次会议第1847号建议的答复","https://www.ndrc.gov.cn/xxgk/jianyitianfuwen/qgrddbjyfwgk/202301/t20230111_1346328.html","NDRC-人大代表建议复文","建议答复函"
"对十三届全国人大五次会议第2303号建议的答复","https://www.ndrc.gov.cn/xxgk/jianyitianfuwen/qgrddbjyfwgk/202301/t20230111_1346329.html","NDRC-人大代表建议复文","建议答复函"
"对十三届全国人大五次会议第7289号建议的答复","https://www.ndrc.gov.cn/xxgk/jianyitianfuwen/qgrddbjyfwgk/202301/t20230111_1346332.html","NDRC-人大代表建议复文","建议答复函"
"对十三届全国人大五次会议第7838号建议的答复","https://www.ndrc.gov.cn/xxgk/jianyitianfuwen/qgrddbjyfwgk/202301/t20230111_1346333.html","NDRC-人大代表建议复文","建议答复函"
"对十三届全国人大五次会议第8679号建议的答复","https://www.ndrc.gov.cn/xxgk/jianyitianfuwen/qgrddbjyfwgk/202301/t20230111_1346334.html","NDRC-人大代表建议复文","建议答复函"
"对十三届全国人大五次会议第6257号建议的答复","https://www.ndrc.gov.cn/xxgk/jianyitianfuwen/qgrddbjyfwgk/202301/t20230112_1346394.html","NDRC-人大代表建议复文","建议答复函"
"对十三届全国人大五次会议第3193号建议的答复","https://www.ndrc.gov.cn/xxgk/jianyitianfuwen/qgrddbjyfwgk/202301/t20230112_1346398.html","NDRC-人大代表建议复文","建议答复函"
"对十三届全国人大五次会议第8333号建议的答复","https://www.ndrc.gov.cn/xxgk/jianyitianfuwen/qgrddbjyfwgk/202301/t20230112_1346402.html","NDRC-人大代表建议复文","建议答复函"
"对十三届全国人大五次会议第0053号建议的答复","https://www.ndrc.gov.cn/xxgk/jianyitianfuwen/qgrddbjyfwgk/202301/t20230112_1346409.html","NDRC-人大代表建议复文","建议答复函"
"对十三届全国人大五次会议第0269号建议的答复","https://www.ndrc.gov.cn/xxgk/jianyitianfuwen/qgrddbjyfwgk/202301/t20230112_1346411.html","NDRC-人大代表建议复文","建议答复函"
"对十三届全国人大五次会议第1002号建议的答复","https://www.ndrc.gov.cn/xxgk/jianyitianfuwen/qgrddbjyfwgk/202301/t20230112_1346414.html","NDRC-人大代表建议复文","建议答复函"
"对十三届全国人大五次会议第1420号建议的答复","https://www.ndrc.gov.cn/xxgk/jianyitianfuwen/qgrddbjyfwgk/202301/t20230112_1346415.html","NDRC-人大代表建议复文","建议答复函"
"对十三届全国人大五次会议第1576号建议的答复","https://www.ndrc.gov.cn/xxgk/jianyitianfuwen/qgrddbjyfwgk/202301/t20230112_1346417.html","NDRC-人大代表建议复文","建议答复函"
"对十三届全国人大五次会议第2148号建议的答复","https://www.ndrc.gov.cn/xxgk/jianyitianfuwen/qgrddbjyfwgk/202301/t20230112_1346419.html","NDRC-人大代表建议复文","建议答复函"
"对十三届全国人大五次会议第2663号建议的答复","https://www.ndrc.gov.cn/xxgk/jianyitianfuwen/qgrddbjyfwgk/202301/t20230112_1346420.html","NDRC-人大代表建议复文","建议答复函"
"对十三届全国人大五次会议第3207号建议的答复","https://www.ndrc.gov.cn/xxgk/jianyitianfuwen/qgrddbjyfwgk/202301/t20230112_1346422.html","NDRC-人大代表建议复文","建议答复函"
"对十三届全国人大五次会议第4335号建议的答复","https://www.ndrc.gov.cn/xxgk/jianyitianfuwen/qgrddbjyfwgk/202301/t20230112_1346424.html","NDRC-人大代表建议复文","建议答复函"
"对十三届全国人大五次会议第4407号建议的答复","https://www.ndrc.gov.cn/xxgk/jianyitianfuwen/qgrddbjyfwgk/202301/t20230112_1346426.html","NDRC-人大代表建议复文","建议答复函"
"对十三届全国人大五次会议第4694号建议的答复","https://www.ndrc.gov.cn/xxgk/jianyitianfuwen/qgrddbjyfwgk/202301/t20230112_1346427.html","NDRC-人大代表建议复文","建议答复函"
"对十三届全国人大五次会议第4724号建议的答复","https://www.ndrc.gov.cn/xxgk/jianyitianfuwen/qgrddbjyfwgk/202301/t20230112_1346428.html","NDRC-人大代表建议复文","建议答复函"
"对十三届全国人大五次会议第5763号建议的答复","https://www.ndrc.gov.cn/xxgk/jianyitianfuwen/qgrddbjyfwgk/202301/t20230112_1346429.html","NDRC-人大代表建议复文","建议答复函"
"对十三届全国人大五次会议第6229号建议的答复","https://www.ndrc.gov.cn/xxgk/jianyitianfuwen/qgrddbjyfwgk/202301/t20230112_1346430.html","NDRC-人大代表建议复文","建议答复函"
"对十三届全国人大五次会议第6848号建议的答复","https://www.ndrc.gov.cn/xxgk/jianyitianfuwen/qgrddbjyfwgk/202301/t20230112_1346431.html","NDRC-人大代表建议复文","建议答复函"
"对十三届全国人大五次会议第7277号建议的答复","https://www.ndrc.gov.cn/xxgk/jianyitianfuwen/qgrddbjyfwgk/202301/t20230112_1346432.html","NDRC-人大代表建议复文","建议答复函"
"对十三届全国人大五次会议第7794号建议的答复","https://www.ndrc.gov.cn/xxgk/jianyitianfuwen/qgrddbjyfwgk/202301/t20230112_1346433.html","NDRC-人大代表建议复文","建议答复函"
"对十三届全国人大五次会议第8276号建议的答复","https://www.ndrc.gov.cn/xxgk/jianyitianfuwen/qgrddbjyfwgk/202301/t20230112_1346434.html","NDRC-人大代表建议复文","建议答复函"
"对十三届全国人大五次会议第0290号建议的答复","https://www.ndrc.gov.cn/xxgk/jianyitianfuwen/qgrddbjyfwgk/202301/t20230112_1346435.html","NDRC-人大代表建议复文","建议答复函"
"对十三届全国人大五次会议第2012号建议的答复","https://www.ndrc.gov.cn/xxgk/jianyitianfuwen/qgrddbjyfwgk/202301/t20230112_1346436.html","NDRC-人大代表建议复文","建议答复函"
"对十三届全国人大五次会议第3124号建议的答复","https://www.ndrc.gov.cn/xxgk/jianyitianfuwen/qgrddbjyfwgk/202301/t20230112_1346437.html","NDRC-人大代表建议复文","建议答复函"
"对十三届全国人大五次会议第5612号建议的答复","https://www.ndrc.gov.cn/xxgk/jianyitianfuwen/qgrddbjyfwgk/202301/t20230112_1346440.html","NDRC-人大代表建议复文","建议答复函"
"对十三届全国人大五次会议第0952号建议的答复","https://www.ndrc.gov.cn/xxgk/jianyitianfuwen/qgrddbjyfwgk/202301/t20230113_1346494.html","NDRC-人大代表建议复文","建议答复函"
"对十三届全国人大五次会议第0963号建议的答复","https://www.ndrc.gov.cn/xxgk/jianyitianfuwen/qgrddbjyfwgk/202301/t20230113_1346495.html","NDRC-人大代表建议复文","建议答复函"
"对十三届全国人大五次会议第1763、2006、8535号建议的答复","https://www.ndrc.gov.cn/xxgk/jianyitianfuwen/qgrddbjyfwgk/202301/t20230113_1346496.html","NDRC-人大代表建议复文","建议答复函"
"对十三届全国人大五次会议第2616号建议的答复","https://www.ndrc.gov.cn/xxgk/jianyitianfuwen/qgrddbjyfwgk/202301/t20230113_1346497.html","NDRC-人大代表建议复文","建议答复函"
"对十三届全国人大五次会议第2741号建议的答复","https://www.ndrc.gov.cn/xxgk/jianyitianfuwen/qgrddbjyfwgk/202301/t20230113_1346498.html","NDRC-人大代表建议复文","建议答复函"
"对十三届全国人大五次会议第4367号建议的答复","https://www.ndrc.gov.cn/xxgk/jianyitianfuwen/qgrddbjyfwgk/202301/t20230113_1346501.html","NDRC-人大代表建议复文","建议答复函"
"对十三届全国人大五次会议第4833号建议的答复","https://www.ndrc.gov.cn/xxgk/jianyitianfuwen/qgrddbjyfwgk/202301/t20230113_1346502.html","NDRC-人大代表建议复文","建议答复函"
"对十三届全国人大五次会议第7104号建议的答复","https://www.ndrc.gov.cn/xxgk/jianyitianfuwen/qgrddbjyfwgk/202301/t20230113_1346503.html","NDRC-人大代表建议复文","建议答复函"
"对十三届全国人大五次会议第0996号建议的答复","https://www.ndrc.gov.cn/xxgk/jianyitianfuwen/qgrddbjyfwgk/202301/t20230113_1346506.html","NDRC-人大代表建议复文","建议答复函"
"对十三届全国人大五次会议第2110号建议的答复","https://www.ndrc.gov.cn/xxgk/jianyitianfuwen/qgrddbjyfwgk/202301/t20230113_1346508.html","NDRC-人大代表建议复文","建议答复函"
"对十三届全国人大五次会议第2427号建议的答复","https://www.ndrc.gov.cn/xxgk/jianyitianfuwen/qgrddbjyfwgk/202301/t20230113_1346509.html","NDRC-人大代表建议复文","建议答复函"
"对十三届全国人大五次会议第3308号建议的答复","https://www.ndrc.gov.cn/xxgk/jianyitianfuwen/qgrddbjyfwgk/202301/t20230113_1346511.html","NDRC-人大代表建议复文","建议答复函"
"对十三届全国人大五次会议第3606号建议的答复","https://www.ndrc.gov.cn/xxgk/jianyitianfuwen/qgrddbjyfwgk/202301/t20230113_1346512.html","NDRC-人大代表建议复文","建议答复函"
"对十三届全国人大五次会议第3876、6286号建议的答复","https://www.ndrc.gov.cn/xxgk/jianyitianfuwen/qgrddbjyfwgk/202301/t20230113_1346513.html","NDRC-人大代表建议复文","建议答复函"
"对十三届全国人大五次会议第4748号建议的答复","https://www.ndrc.gov.cn/xxgk/jianyitianfuwen/qgrddbjyfwgk/202301/t20230113_1346516.html","NDRC-人大代表建议复文","建议答复函"
"对十三届全国人大五次会议第7502号建议的答复","https://www.ndrc.gov.cn/xxgk/jianyitianfuwen/qgrddbjyfwgk/202301/t20230113_1346519.html","NDRC-人大代表建议复文","建议答复函"
"对十三届全国人大五次会议第1923号建议的答复","https://www.ndrc.gov.cn/xxgk/jianyitianfuwen/qgrddbjyfwgk/202301/t20230113_1346522.html","NDRC-人大代表建议复文","建议答复函"
"对十三届全国人大五次会议第3425号建议的答复","https://www.ndrc.gov.cn/xxgk/jianyitianfuwen/qgrddbjyfwgk/202301/t20230113_1346528.html","NDRC-人大代表建议复文","建议答复函"
"对十三届全国人大五次会议第4226号建议的答复","https://www.ndrc.gov.cn/xxgk/jianyitianfuwen/qgrddbjyfwgk/202301/t20230113_1346532.html","NDRC-人大代表建议复文","建议答复函"
"对十三届全国人大五次会议第4626号建议的答复","https://www.ndrc.gov.cn/xxgk/jianyitianfuwen/qgrddbjyfwgk/202301/t20230113_1346533.html","NDRC-人大代表建议复文","建议答复函"
"对十三届全国人大五次会议第5645号建议的答复","https://www.ndrc.gov.cn/xxgk/jianyitianfuwen/qgrddbjyfwgk/202301/t20230113_1346534.html","NDRC-人大代表建议复文","建议答复函"
"对十三届全国人大五次会议第5873号建议的答复","https://www.ndrc.gov.cn/xxgk/jianyitianfuwen/qgrddbjyfwgk/202301/t20230113_1346537.html","NDRC-人大代表建议复文","建议答复函"
"对十三届全国人大五次会议第6004号建议的答复","https://www.ndrc.gov.cn/xxgk/jianyitianfuwen/qgrddbjyfwgk/202301/t20230113_1346544.html","NDRC-人大代表建议复文","建议答复函"
"对十三届全国人大五次会议第6341号建议的答复","https://www.ndrc.gov.cn/xxgk/jianyitianfuwen/qgrddbjyfwgk/202301/t20230113_1346547.html","NDRC-人大代表建议复文","建议答复函"
"对十三届全国人大五次会议第6863号建议的答复","https://www.ndrc.gov.cn/xxgk/jianyitianfuwen/qgrddbjyfwgk/202301/t20230113_1346548.html","NDRC-人大代表建议复文","建议答复函"
"对十三届全国人大五次会议第0280号建议的答复","https://www.ndrc.gov.cn/xxgk/jianyitianfuwen/qgrddbjyfwgk/202301/t20230113_1346562.html","NDRC-人大代表建议复文","建议答复函"
"对十三届全国人大五次会议第0388号建议的答复","https://www.ndrc.gov.cn/xxgk/jianyitianfuwen/qgrddbjyfwgk/202301/t20230113_1346563.html","NDRC-人大代表建议复文","建议答复函"
"对十三届全国人大五次会议第0569号建议的答复","https://www.ndrc.gov.cn/xxgk/jianyitianfuwen/qgrddbjyfwgk/202301/t20230113_1346564.html","NDRC-人大代表建议复文","建议答复函"
"对十三届全国人大五次会议第0773号建议的答复","https://www.ndrc.gov.cn/xxgk/jianyitianfuwen/qgrddbjyfwgk/202301/t20230113_1346565.html","NDRC-人大代表建议复文","建议答复函"
"对十三届全国人大五次会议第0782号建议的答复","https://www.ndrc.gov.cn/xxgk/jianyitianfuwen/qgrddbjyfwgk/202301/t20230113_1346566.html","NDRC-人大代表建议复文","建议答复函"
"对十三届全国人大五次会议第1015号建议的答复","https://www.ndrc.gov.cn/xxgk/jianyitianfuwen/qgrddbjyfwgk/202301/t20230113_1346567.html","NDRC-人大代表建议复文","建议答复函"
"对十三届全国人大五次会议第1937号建议的答复","https://www.ndrc.gov.cn/xxgk/jianyitianfuwen/qgrddbjyfwgk/202301/t20230113_1346568.html","NDRC-人大代表建议复文","建议答复函"
"对十三届全国人大五次会议第2810号建议的答复","https://www.ndrc.gov.cn/xxgk/jianyitianfuwen/qgrddbjyfwgk/202301/t20230113_1346570.html","NDRC-人大代表建议复文","建议答复函"
"对十三届全国人大五次会议第3111号建议的答复","https://www.ndrc.gov.cn/xxgk/jianyitianfuwen/qgrddbjyfwgk/202301/t20230113_1346572.html","NDRC-人大代表建议复文","建议答复函"
"对十三届全国人大五次会议第3159号建议的答复","https://www.ndrc.gov.cn/xxgk/jianyitianfuwen/qgrddbjyfwgk/202301/t20230113_1346573.html","NDRC-人大代表建议复文","建议答复函"
"对十三届全国人大五次会议第3843号建议的答复","https://www.ndrc.gov.cn/xxgk/jianyitianfuwen/qgrddbjyfwgk/202301/t20230113_1346574.html","NDRC-人大代表建议复文","建议答复函"
"对十三届全国人大五次会议第4055号建议的答复","https://www.ndrc.gov.cn/xxgk/jianyitianfuwen/qgrddbjyfwgk/202301/t20230113_1346575.html","NDRC-人大代表建议复文","建议答复函"
"对十三届全国人大五次会议第4458号建议的答复","https://www.ndrc.gov.cn/xxgk/jianyitianfuwen/qgrddbjyfwgk/202301/t20230113_1346576.html","NDRC-人大代表建议复文","建议答复函"
"对十三届全国人大五次会议第4563号建议的答复","https://www.ndrc.gov.cn/xxgk/jianyitianfuwen/qgrddbjyfwgk/202301/t20230113_1346577.html","NDRC-人大代表建议复文","建议答复函"
"对十三届全国人大五次会议第4662号建议的答复","https://www.ndrc.gov.cn/xxgk/jianyitianfuwen/qgrddbjyfwgk/202301/t20230113_1346578.html","NDRC-人大代表建议复文","建议答复函"
"对十三届全国人大五次会议第4674号建议的答复","https://www.ndrc.gov.cn/xxgk/jianyitianfuwen/qgrddbjyfwgk/202301/t20230113_1346579.html","NDRC-人大代表建议复文","建议答复函"
"对十三届全国人大五次会议第7827号建议的答复","https://www.ndrc.gov.cn/xxgk/jianyitianfuwen/qgrddbjyfwgk/202301/t20230113_1346580.html","NDRC-人大代表建议复文","建议答复函"
"对十三届全国人大五次会议第4847号建议的答复","https://www.ndrc.gov.cn/xxgk/jianyitianfuwen/qgrddbjyfwgk/202301/t20230113_1346581.html","NDRC-人大代表建议复文","建议答复函"
"对十三届全国人大五次会议第5456号建议的答复","https://www.ndrc.gov.cn/xxgk/jianyitianfuwen/qgrddbjyfwgk/202301/t20230113_1346582.html","NDRC-人大代表建议复文","建议答复函"
"对十三届全国人大五次会议第6031号建议的答复","https://www.ndrc.gov.cn/xxgk/jianyitianfuwen/qgrddbjyfwgk/202301/t20230113_1346583.html","NDRC-人大代表建议复文","建议答复函"
"对十三届全国人大五次会议第6598号建议的答复","https://www.ndrc.gov.cn/xxgk/jianyitianfuwen/qgrddbjyfwgk/202301/t20230113_1346584.html","NDRC-人大代表建议复文","建议答复函"
"对十三届全国人大五次会议第7465号建议的答复","https://www.ndrc.gov.cn/xxgk/jianyitianfuwen/qgrddbjyfwgk/202301/t20230113_1346585.html","NDRC-人大代表建议复文","建议答复函"
"对十三届全国人大五次会议第1445号建议的答复","https://www.ndrc.gov.cn/xxgk/jianyitianfuwen/qgrddbjyfwgk/202301/t20230116_1346627.html","NDRC-人大代表建议复文","建议答复函"
"对十三届全国人大五次会议第2596号建议的答复","https://www.ndrc.gov.cn/xxgk/jianyitianfuwen/qgrddbjyfwgk/202301/t20230116_1346628.html","NDRC-人大代表建议复文","建议答复函"
"对十三届全国人大五次会议第4320号建议的答复","https://www.ndrc.gov.cn/xxgk/jianyitianfuwen/qgrddbjyfwgk/202301/t20230116_1346629.html","NDRC-人大代表建议复文","建议答复函"
"对十三届全国人大五次会议第6156号建议的答复","https://www.ndrc.gov.cn/xxgk/jianyitianfuwen/qgrddbjyfwgk/202301/t20230116_1346630.html","NDRC-人大代表建议复文","建议答复函"
"对十三届全国人大五次会议第7004号建议的答复","https://www.ndrc.gov.cn/xxgk/jianyitianfuwen/qgrddbjyfwgk/202301/t20230116_1346634.html","NDRC-人大代表建议复文","建议答复函"
"对十三届全国人大五次会议第1507号建议的答复","https://www.ndrc.gov.cn/xxgk/jianyitianfuwen/qgrddbjyfwgk/202301/t20230116_1346637.html","NDRC-人大代表建议复文","建议答复函"
"对十三届全国人大五次会议第8968号建议的答复","https://www.ndrc.gov.cn/xxgk/jianyitianfuwen/qgrddbjyfwgk/202301/t20230116_1346638.html","NDRC-人大代表建议复文","建议答复函"
"对十三届全国人大五次会议第3004号建议的答复","https://www.ndrc.gov.cn/xxgk/jianyitianfuwen/qgrddbjyfwgk/202301/t20230116_1346641.html","NDRC-人大代表建议复文","建议答复函"
"对十三届全国人大五次会议第5834号建议的答复","https://www.ndrc.gov.cn/xxgk/jianyitianfuwen/qgrddbjyfwgk/202301/t20230116_1346642.html","NDRC-人大代表建议复文","建议答复函"
"对十三届全国人大五次会议第7076号建议的答复","https://www.ndrc.gov.cn/xxgk/jianyitianfuwen/qgrddbjyfwgk/202301/t20230116_1346644.html","NDRC-人大代表建议复文","建议答复函"
"对十三届全国人大五次会议第7115号建议的答复","https://www.ndrc.gov.cn/xxgk/jianyitianfuwen/qgrddbjyfwgk/202301/t20230116_1346647.html","NDRC-人大代表建议复文","建议答复函"
"对十三届全国人大五次会议第0017号建议的答复","https://www.ndrc.gov.cn/xxgk/jianyitianfuwen/qgrddbjyfwgk/202301/t20230116_1346651.html","NDRC-人大代表建议复文","建议答复函"
"对十三届全国人大五次会议第0371、2694、2964、5842、5848号建议的答复","https://www.ndrc.gov.cn/xxgk/jianyitianfuwen/qgrddbjyfwgk/202301/t20230116_1346655.html","NDRC-人大代表建议复文","建议答复函"
"对十三届全国人大五次会议第1033号建议的答复","https://www.ndrc.gov.cn/xxgk/jianyitianfuwen/qgrddbjyfwgk/202301/t20230116_1346657.html","NDRC-人大代表建议复文","建议答复函"
"对十三届全国人大五次会议第1165号建议的答复","https://www.ndrc.gov.cn/xxgk/jianyitianfuwen/qgrddbjyfwgk/202301/t20230116_1346659.html","NDRC-人大代表建议复文","建议答复函"
"对十三届全国人大五次会议第1374号建议的答复","https://www.ndrc.gov.cn/xxgk/jianyitianfuwen/qgrddbjyfwgk/202301/t20230116_1346661.html","NDRC-人大代表建议复文","建议答复函"
"对十三届全国人大五次会议第1477号建议的答复","https://www.ndrc.gov.cn/xxgk/jianyitianfuwen/qgrddbjyfwgk/202301/t20230116_1346662.html","NDRC-人大代表建议复文","建议答复函"
"对十三届全国人大五次会议第1821号建议的答复","https://www.ndrc.gov.cn/xxgk/jianyitianfuwen/qgrddbjyfwgk/202301/t20230116_1346663.html","NDRC-人大代表建议复文","建议答复函"
"对十三届全国人大五次会议第2061号建议的答复","https://www.ndrc.gov.cn/xxgk/jianyitianfuwen/qgrddbjyfwgk/202301/t20230116_1346666.html","NDRC-人大代表建议复文","建议答复函"
"对十三届全国人大五次会议第2391号建议的答复","https://www.ndrc.gov.cn/xxgk/jianyitianfuwen/qgrddbjyfwgk/202301/t20230116_1346668.html","NDRC-人大代表建议复文","建议答复函"
"对十三届全国人大五次会议第4113号建议的答复","https://www.ndrc.gov.cn/xxgk/jianyitianfuwen/qgrddbjyfwgk/202301/t20230116_1346671.html","NDRC-人大代表建议复文","建议答复函"
"对十三届全国人大五次会议第5028号建议的答复","https://www.ndrc.gov.cn/xxgk/jianyitianfuwen/qgrddbjyfwgk/202301/t20230116_1346672.html","NDRC-人大代表建议复文","建议答复函"
"对十三届全国人大五次会议第8733号建议的答复","https://www.ndrc.gov.cn/xxgk/jianyitianfuwen/qgrddbjyfwgk/202301/t20230116_1346677.html","NDRC-人大代表建议复文","建议答复函"
"对十三届全国人大五次会议第0352、1041、4647号建议的答复","https://www.ndrc.gov.cn/xxgk/jianyitianfuwen/qgrddbjyfwgk/202301/t20230116_1346679.html","NDRC-人大代表建议复文","建议答复函"
"对十三届全国人大五次会议第1043号建议的答复","https://www.ndrc.gov.cn/xxgk/jianyitianfuwen/qgrddbjyfwgk/202301/t20230116_1346681.html","NDRC-人大代表建议复文","建议答复函"
"对十三届全国人大五次会议第1514号建议的答复","https://www.ndrc.gov.cn/xxgk/jianyitianfuwen/qgrddbjyfwgk/202301/t20230116_1346682.html","NDRC-人大代表建议复文","建议答复函"
"对十三届全国人大五次会议第8950号建议的答复","https://www.ndrc.gov.cn/xxgk/jianyitianfuwen/qgrddbjyfwgk/202301/t20230116_1346683.html","NDRC-人大代表建议复文","建议答复函"
"对十三届全国人大五次会议第3616号建议的答复","https://www.ndrc.gov.cn/xxgk/jianyitianfuwen/qgrddbjyfwgk/202301/t20230116_1346686.html","NDRC-人大代表建议复文","建议答复函"
"对十三届全国人大五次会议第5259号建议的答复","https://www.ndrc.gov.cn/xxgk/jianyitianfuwen/qgrddbjyfwgk/202301/t20230116_1346687.html","NDRC-人大代表建议复文","建议答复函"
"对十三届全国人大五次会议第1373号建议的答复","https://www.ndrc.gov.cn/xxgk/jianyitianfuwen/qgrddbjyfwgk/202301/t20230118_1346893.html","NDRC-人大代表建议复文","建议答复函"
"对十三届全国人大五次会议第0520号建议的答复","https://www.ndrc.gov.cn/xxgk/jianyitianfuwen/qgrddbjyfwgk/202301/t20230118_1346894.html","NDRC-人大代表建议复文","建议答复函"
"对十三届全国人大五次会议第2935号建议的答复","https://www.ndrc.gov.cn/xxgk/jianyitianfuwen/qgrddbjyfwgk/202301/t20230118_1346899.html","NDRC-人大代表建议复文","建议答复函"
"对十三届全国人大五次会议第3698号建议的答复","https://www.ndrc.gov.cn/xxgk/jianyitianfuwen/qgrddbjyfwgk/202301/t20230118_1346901.html","NDRC-人大代表建议复文","建议答复函"
"对十三届全国人大五次会议第4705号建议的答复","https://www.ndrc.gov.cn/xxgk/jianyitianfuwen/qgrddbjyfwgk/202301/t20230118_1346903.html","NDRC-人大代表建议复文","建议答复函"
"对十三届全国人大五次会议第5223号建议的答复","https://www.ndrc.gov.cn/xxgk/jianyitianfuwen/qgrddbjyfwgk/202301/t20230118_1346904.html","NDRC-人大代表建议复文","建议答复函"
"对十三届全国人大五次会议第5514号建议的答复","https://www.ndrc.gov.cn/xxgk/jianyitianfuwen/qgrddbjyfwgk/202301/t20230118_1346905.html","NDRC-人大代表建议复文","建议答复函"
"对十三届全国人大五次会议第5849号建议的答复","https://www.ndrc.gov.cn/xxgk/jianyitianfuwen/qgrddbjyfwgk/202301/t20230118_1346906.html","NDRC-人大代表建议复文","建议答复函"
"对十三届全国人大五次会议第6060号建议的答复","https://www.ndrc.gov.cn/xxgk/jianyitianfuwen/qgrddbjyfwgk/202301/t20230118_1346907.html","NDRC-人大代表建议复文","建议答复函"
"对十三届全国人大五次会议第6721号建议的答复","https://www.ndrc.gov.cn/xxgk/jianyitianfuwen/qgrddbjyfwgk/202301/t20230118_1346909.html","NDRC-人大代表建议复文","建议答复函"
"对十三届全国人大五次会议第6792号建议的答复","https://www.ndrc.gov.cn/xxgk/jianyitianfuwen/qgrddbjyfwgk/202301/t20230118_1346911.html","NDRC-人大代表建议复文","建议答复函"
"对十三届全国人大五次会议第7008号建议的答复","https://www.ndrc.gov.cn/xxgk/jianyitianfuwen/qgrddbjyfwgk/202301/t20230118_1346912.html","NDRC-人大代表建议复文","建议答复函"
"对十三届全国人大五次会议第7330号建议的答复","https://www.ndrc.gov.cn/xxgk/jianyitianfuwen/qgrddbjyfwgk/202301/t20230118_1346913.html","NDRC-人大代表建议复文","建议答复函"
"对十三届全国人大五次会议第8241号建议的答复","https://www.ndrc.gov.cn/xxgk/jianyitianfuwen/qgrddbjyfwgk/202301/t20230118_1346919.html","NDRC-人大代表建议复文","建议答复函"
"对十四届全国人大一次会议第2109号建议的答复","https://www.ndrc.gov.cn/xxgk/jianyitianfuwen/qgrddbjyfwgk/202401/t20240126_1363676.html","NDRC-人大代表建议复文","建议答复函"
"对十四届全国人大一次会议第2988号建议的答复","https://www.ndrc.gov.cn/xxgk/jianyitianfuwen/qgrddbjyfwgk/202401/t20240126_1363677.html","NDRC-人大代表建议复文","建议答复函"
"对十四届全国人大一次会议第5454号建议的答复","https://www.ndrc.gov.cn/xxgk/jianyitianfuwen/qgrddbjyfwgk/202401/t20240126_1363678.html","NDRC-人大代表建议复文","建议答复函"
"对十四届全国人大一次会议第5858号建议的答复","https://www.ndrc.gov.cn/xxgk/jianyitianfuwen/qgrddbjyfwgk/202401/t20240126_1363679.html","NDRC-人大代表建议复文","建议答复函"
"对十四届全国人大一次会议第6136号建议的答复","https://www.ndrc.gov.cn/xxgk/jianyitianfuwen/qgrddbjyfwgk/202401/t20240126_1363680.html","NDRC-人大代表建议复文","建议答复函"
"对十四届全国人大一次会议第6178号建议的答复","https://www.ndrc.gov.cn/xxgk/jianyitianfuwen/qgrddbjyfwgk/202401/t20240126_1363681.html","NDRC-人大代表建议复文","建议答复函"
"对十四届全国人大一次会议第5731号建议的答复","https://www.ndrc.gov.cn/xxgk/jianyitianfuwen/qgrddbjyfwgk/202401/t20240126_1363685.html","NDRC-人大代表建议复文","建议答复函"
"对十四届全国人大一次会议第7248号建议的答复","https://www.ndrc.gov.cn/xxgk/jianyitianfuwen/qgrddbjyfwgk/202401/t20240126_1363686.html","NDRC-人大代表建议复文","建议答复函"
"对十四届全国人大一次会议第1988号建议的答复","https://www.ndrc.gov.cn/xxgk/jianyitianfuwen/qgrddbjyfwgk/202401/t20240126_1363692.html","NDRC-人大代表建议复文","建议答复函"
"对十四届全国人大一次会议第7162号建议的答复","https://www.ndrc.gov.cn/xxgk/jianyitianfuwen/qgrddbjyfwgk/202401/t20240126_1363693.html","NDRC-人大代表建议复文","建议答复函"
"对十四届全国人大一次会议第0336号建议的答复","https://www.ndrc.gov.cn/xxgk/jianyitianfuwen/qgrddbjyfwgk/202401/t20240126_1363695.html","NDRC-人大代表建议复文","建议答复函"
"对十四届全国人大一次会议第2602号建议的答复","https://www.ndrc.gov.cn/xxgk/jianyitianfuwen/qgrddbjyfwgk/202401/t20240126_1363696.html","NDRC-人大代表建议复文","建议答复函"
"对十四届全国人大一次会议第2792号建议的答复","https://www.ndrc.gov.cn/xxgk/jianyitianfuwen/qgrddbjyfwgk/202401/t20240126_1363697.html","NDRC-人大代表建议复文","建议答复函"
"对十四届全国人大一次会议第2835号建议的答复","https://www.ndrc.gov.cn/xxgk/jianyitianfuwen/qgrddbjyfwgk/202401/t20240126_1363698.html","NDRC-人大代表建议复文","建议答复函"
"对十四届全国人大一次会议第4914号建议的答复","https://www.ndrc.gov.cn/xxgk/jianyitianfuwen/qgrddbjyfwgk/202401/t20240126_1363699.html","NDRC-人大代表建议复文","建议答复函"
"对十四届全国人大一次会议第5475号建议的答复","https://www.ndrc.gov.cn/xxgk/jianyitianfuwen/qgrddbjyfwgk/202401/t20240126_1363707.html","NDRC-人大代表建议复文","建议答复函"
"对十四届全国人大一次会议第7101号建议的答复","https://www.ndrc.gov.cn/xxgk/jianyitianfuwen/qgrddbjyfwgk/202401/t20240126_1363708.html","NDRC-人大代表建议复文","建议答复函"
"对十四届全国人大一次会议第2011号建议的答复","https://www.ndrc.gov.cn/xxgk/jianyitianfuwen/qgrddbjyfwgk/202401/t20240126_1363711.html","NDRC-人大代表建议复文","建议答复函"
"对十四届全国人大一次会议第3582号建议的答复","https://www.ndrc.gov.cn/xxgk/jianyitianfuwen/qgrddbjyfwgk/202401/t20240126_1363712.html","NDRC-人大代表建议复文","建议答复函"
"对十四届全国人大一次会议第5695号建议的答复","https://www.ndrc.gov.cn/xxgk/jianyitianfuwen/qgrddbjyfwgk/202401/t20240126_1363713.html","NDRC-人大代表建议复文","建议答复函"
"对十四届全国人大一次会议第6648号建议的答复","https://www.ndrc.gov.cn/xxgk/jianyitianfuwen/qgrddbjyfwgk/202401/t20240126_1363714.html","NDRC-人大代表建议复文","建议答复函"
"对十四届全国人大一次会议第0173号建议的答复","https://www.ndrc.gov.cn/xxgk/jianyitianfuwen/qgrddbjyfwgk/202401/t20240126_1363722.html","NDRC-人大代表建议复文","建议答复函"
"对十四届全国人大一次会议第0603号建议的答复","https://www.ndrc.gov.cn/xxgk/jianyitianfuwen/qgrddbjyfwgk/202401/t20240126_1363723.html","NDRC-人大代表建议复文","建议答复函"
"对十四届全国人大一次会议第1703号建议的答复","https://www.ndrc.gov.cn/xxgk/jianyitianfuwen/qgrddbjyfwgk/202401/t20240126_1363724.html","NDRC-人大代表建议复文","建议答复函"
"对十四届全国人大一次会议第2008号建议的答复","https://www.ndrc.gov.cn/xxgk/jianyitianfuwen/qgrddbjyfwgk/202401/t20240126_1363725.html","NDRC-人大代表建议复文","建议答复函"
"对十四届全国人大一次会议第3014号建议的答复","https://www.ndrc.gov.cn/xxgk/jianyitianfuwen/qgrddbjyfwgk/202401/t20240126_1363726.html","NDRC-人大代表建议复文","建议答复函"
"对十四届全国人大一次会议第4289号建议的答复","https://www.ndrc.gov.cn/xxgk/jianyitianfuwen/qgrddbjyfwgk/202401/t20240126_1363727.html","NDRC-人大代表建议复文","建议答复函"
"对十四届全国人大一次会议第6855号建议的答复","https://www.ndrc.gov.cn/xxgk/jianyitianfuwen/qgrddbjyfwgk/202401/t20240126_1363728.html","NDRC-人大代表建议复文","建议答复函"
"对十四届全国人大一次会议第2290号建议的答复","https://www.ndrc.gov.cn/xxgk/jianyitianfuwen/qgrddbjyfwgk/202401/t20240126_1363729.html","NDRC-人大代表建议复文","建议答复函"
"对十四届全国人大一次会议第2696号建议的答复","https://www.ndrc.gov.cn/xxgk/jianyitianfuwen/qgrddbjyfwgk/202401/t20240126_1363730.html","NDRC-人大代表建议复文","建议答复函"
"对十四届全国人大一次会议第3275号建议的答复","https://www.ndrc.gov.cn/xxgk/jianyitianfuwen/qgrddbjyfwgk/202401/t20240126_1363731.html","NDRC-人大代表建议复文","建议答复函"
"对十四届全国人大一次会议第3551号建议的答复","https://www.ndrc.gov.cn/xxgk/jianyitianfuwen/qgrddbjyfwgk/202401/t20240126_1363732.html","NDRC-人大代表建议复文","建议答复函"
"对十四届全国人大一次会议第3607号建议的答复","https://www.ndrc.gov.cn/xxgk/jianyitianfuwen/qgrddbjyfwgk/202401/t20240126_1363733.html","NDRC-人大代表建议复文","建议答复函"
"对十四届全国人大一次会议第6297、4799号建议的答复","https://www.ndrc.gov.cn/xxgk/jianyitianfuwen/qgrddbjyfwgk/202401/t20240126_1363734.html","NDRC-人大代表建议复文","建议答复函"
"对十四届全国人大一次会议第6335号建议的答复","https://www.ndrc.gov.cn/xxgk/jianyitianfuwen/qgrddbjyfwgk/202401/t20240126_1363735.html","NDRC-人大代表建议复文","建议答复函"
"对十四届全国人大一次会议第3119号建议的答复","https://www.ndrc.gov.cn/xxgk/jianyitianfuwen/qgrddbjyfwgk/202401/t20240126_1363748.html","NDRC-人大代表建议复文","建议答复函"
"对十四届全国人大一次会议第3621号建议的答复","https://www.ndrc.gov.cn/xxgk/jianyitianfuwen/qgrddbjyfwgk/202401/t20240126_1363749.html","NDRC-人大代表建议复文","建议答复函"
"对十四届全国人大一次会议第4860号建议的答复","https://www.ndrc.gov.cn/xxgk/jianyitianfuwen/qgrddbjyfwgk/202401/t20240126_1363750.html","NDRC-人大代表建议复文","建议答复函"
"对十四届全国人大一次会议第6343号建议的答复","https://www.ndrc.gov.cn/xxgk/jianyitianfuwen/qgrddbjyfwgk/202401/t20240126_1363751.html","NDRC-人大代表建议复文","建议答复函"
"对十四届全国人大一次会议第6407号建议的答复","https://www.ndrc.gov.cn/xxgk/jianyitianfuwen/qgrddbjyfwgk/202401/t20240126_1363752.html","NDRC-人大代表建议复文","建议答复函"
"对十四届全国人大一次会议第3735号建议的答复","https://www.ndrc.gov.cn/xxgk/jianyitianfuwen/qgrddbjyfwgk/202401/t20240126_1363753.html","NDRC-人大代表建议复文","建议答复函"
"对十四届全国人大一次会议第5332号建议的答复","https://www.ndrc.gov.cn/xxgk/jianyitianfuwen/qgrddbjyfwgk/202401/t20240126_1363754.html","NDRC-人大代表建议复文","建议答复函"
"对十四届全国人大一次会议第1249号建议的答复","https://www.ndrc.gov.cn/xxgk/jianyitianfuwen/qgrddbjyfwgk/202401/t20240126_1363761.html","NDRC-人大代表建议复文","建议答复函"
"对十四届全国人大一次会议第1260号建议的答复","https://www.ndrc.gov.cn/xxgk/jianyitianfuwen/qgrddbjyfwgk/202401/t20240126_1363762.html","NDRC-人大代表建议复文","建议答复函"
"对十四届全国人大一次会议第3223号建议的答复","https://www.ndrc.gov.cn/xxgk/jianyitianfuwen/qgrddbjyfwgk/202401/t20240126_1363763.html","NDRC-人大代表建议复文","建议答复函"
"对十四届全国人大一次会议第5190号建议的答复","https://www.ndrc.gov.cn/xxgk/jianyitianfuwen/qgrddbjyfwgk/202401/t20240126_1363764.html","NDRC-人大代表建议复文","建议答复函"
"对十四届全国人大一次会议第5506号建议的答复","https://www.ndrc.gov.cn/xxgk/jianyitianfuwen/qgrddbjyfwgk/202401/t20240126_1363765.html","NDRC-人大代表建议复文","建议答复函"
"对十四届全国人大一次会议第6600号建议的答复","https://www.ndrc.gov.cn/xxgk/jianyitianfuwen/qgrddbjyfwgk/202401/t20240126_1363766.html","NDRC-人大代表建议复文","建议答复函"
"对十四届全国人大一次会议第8094号建议的答复","https://www.ndrc.gov.cn/xxgk/jianyitianfuwen/qgrddbjyfwgk/202401/t20240126_1363767.html","NDRC-人大代表建议复文","建议答复函"
"对十四届全国人大二次会议第0175号建议的答复","https://www.ndrc.gov.cn/xxgk/jianyitianfuwen/qgrddbjyfwgk/202412/t20241227_1395236.html","NDRC-人大代表建议复文","建议答复函"
"对十四届全国人大二次会议第0302号建议的答复","https://www.ndrc.gov.cn/xxgk/jianyitianfuwen/qgrddbjyfwgk/202412/t20241227_1395237.html","NDRC-人大代表建议复文","建议答复函"
"对十四届全国人大二次会议第0526号建议的答复","https://www.ndrc.gov.cn/xxgk/jianyitianfuwen/qgrddbjyfwgk/202412/t20241227_1395238.html","NDRC-人大代表建议复文","建议答复函"
"对十四届全国人大二次会议第0812号建议的答复","https://www.ndrc.gov.cn/xxgk/jianyitianfuwen/qgrddbjyfwgk/202412/t20241227_1395239.html","NDRC-人大代表建议复文","建议答复函"
"对十四届全国人大二次会议第0840号建议的答复","https://www.ndrc.gov.cn/xxgk/jianyitianfuwen/qgrddbjyfwgk/202412/t20241227_1395240.html","NDRC-人大代表建议复文","建议答复函"
"对十四届全国人大二次会议第0998号建议的答复","https://www.ndrc.gov.cn/xxgk/jianyitianfuwen/qgrddbjyfwgk/202412/t20241227_1395241.html","NDRC-人大代表建议复文","建议答复函"
"对十四届全国人大二次会议第1009号建议的答复","https://www.ndrc.gov.cn/xxgk/jianyitianfuwen/qgrddbjyfwgk/202412/t20241227_1395242.html","NDRC-人大代表建议复文","建议答复函"
"对十四届全国人大二次会议第1321号建议的答复","https://www.ndrc.gov.cn/xxgk/jianyitianfuwen/qgrddbjyfwgk/202412/t20241227_1395243.html","NDRC-人大代表建议复文","建议答复函"
"对十四届全国人大二次会议第1557号建议的答复","https://www.ndrc.gov.cn/xxgk/jianyitianfuwen/qgrddbjyfwgk/202412/t20241227_1395244.html","NDRC-人大代表建议复文","建议答复函"
"对十四届全国人大二次会议第2060号建议的答复","https://www.ndrc.gov.cn/xxgk/jianyitianfuwen/qgrddbjyfwgk/202412/t20241227_1395245.html","NDRC-人大代表建议复文","建议答复函"
"对十四届全国人大二次会议第2172号建议的答复","https://www.ndrc.gov.cn/xxgk/jianyitianfuwen/qgrddbjyfwgk/202412/t20241227_1395246.html","NDRC-人大代表建议复文","建议答复函"
"对十四届全国人大二次会议第2463号建议的答复","https://www.ndrc.gov.cn/xxgk/jianyitianfuwen/qgrddbjyfwgk/202412/t20241227_1395247.html","NDRC-人大代表建议复文","建议答复函"
"对十四届全国人大二次会议第2507号建议的答复","https://www.ndrc.gov.cn/xxgk/jianyitianfuwen/qgrddbjyfwgk/202412/t20241227_1395248.html","NDRC-人大代表建议复文","建议答复函"
"对十四届全国人大二次会议第2545号建议的答复","https://www.ndrc.gov.cn/xxgk/jianyitianfuwen/qgrddbjyfwgk/202412/t20241227_1395249.html","NDRC-人大代表建议复文","建议答复函"
"对十四届全国人大二次会议第2664号建议的答复","https://www.ndrc.gov.cn/xxgk/jianyitianfuwen/qgrddbjyfwgk/202412/t20241227_1395250.html","NDRC-人大代表建议复文","建议答复函"
"对十四届全国人大二次会议第2703号建议的答复","https://www.ndrc.gov.cn/xxgk/jianyitianfuwen/qgrddbjyfwgk/202412/t20241227_1395251.html","NDRC-人大代表建议复文","建议答复函"
"对十四届全国人大二次会议第2737号建议的答复","https://www.ndrc.gov.cn/xxgk/jianyitianfuwen/qgrddbjyfwgk/202412/t20241227_1395252.html","NDRC-人大代表建议复文","建议答复函"
"对十四届全国人大二次会议第2789号建议的答复","https://www.ndrc.gov.cn/xxgk/jianyitianfuwen/qgrddbjyfwgk/202412/t20241227_1395253.html","NDRC-人大代表建议复文","建议答复函"
"对十四届全国人大二次会议第2934号建议的答复","https://www.ndrc.gov.cn/xxgk/jianyitianfuwen/qgrddbjyfwgk/202412/t20241227_1395254.html","NDRC-人大代表建议复文","建议答复函"
"对十四届全国人大二次会议第3099号建议的答复","https://www.ndrc.gov.cn/xxgk/jianyitianfuwen/qgrddbjyfwgk/202412/t20241227_1395255.html","NDRC-人大代表建议复文","建议答复函"
"对十四届全国人大二次会议第3461号建议的答复","https://www.ndrc.gov.cn/xxgk/jianyitianfuwen/qgrddbjyfwgk/202412/t20241227_1395256.html","NDRC-人大代表建议复文","建议答复函"
"对十四届全国人大二次会议第3620号建议的答复","https://www.ndrc.gov.cn/xxgk/jianyitianfuwen/qgrddbjyfwgk/202412/t20241227_1395257.html","NDRC-人大代表建议复文","建议答复函"
"对十四届全国人大二次会议第3671号建议的答复","https://www.ndrc.gov.cn/xxgk/jianyitianfuwen/qgrddbjyfwgk/202412/t20241227_1395258.html","NDRC-人大代表建议复文","建议答复函"
"对十四届全国人大二次会议第3905号建议的答复","https://www.ndrc.gov.cn/xxgk/jianyitianfuwen/qgrddbjyfwgk/202412/t20241227_1395259.html","NDRC-人大代表建议复文","建议答复函"
"对十四届全国人大二次会议第3931号建议的答复","https://www.ndrc.gov.cn/xxgk/jianyitianfuwen/qgrddbjyfwgk/202412/t20241227_1395260.html","NDRC-人大代表建议复文","建议答复函"
"对十四届全国人大二次会议第4148号建议的答复","https://www.ndrc.gov.cn/xxgk/jianyitianfuwen/qgrddbjyfwgk/202412/t20241227_1395261.html","NDRC-人大代表建议复文","建议答复函"
"对十四届全国人大二次会议第4368号建议的答复","https://www.ndrc.gov.cn/xxgk/jianyitianfuwen/qgrddbjyfwgk/202412/t20241227_1395262.html","NDRC-人大代表建议复文","建议答复函"
"对十四届全国人大二次会议第4694号建议的答复","https://www.ndrc.gov.cn/xxgk/jianyitianfuwen/qgrddbjyfwgk/202412/t20241227_1395263.html","NDRC-人大代表建议复文","建议答复函"
"对十四届全国人大二次会议第4966号建议的答复","https://www.ndrc.gov.cn/xxgk/jianyitianfuwen/qgrddbjyfwgk/202412/t20241227_1395264.html","NDRC-人大代表建议复文","建议答复函"
"对十四届全国人大二次会议第5240号建议的答复","https://www.ndrc.gov.cn/xxgk/jianyitianfuwen/qgrddbjyfwgk/202412/t20241227_1395265.html","NDRC-人大代表建议复文","建议答复函"
"对十四届全国人大二次会议第5341号建议的答复","https://www.ndrc.gov.cn/xxgk/jianyitianfuwen/qgrddbjyfwgk/202412/t20241227_1395266.html","NDRC-人大代表建议复文","建议答复函"
"对十四届全国人大二次会议第5454号建议的答复","https://www.ndrc.gov.cn/xxgk/jianyitianfuwen/qgrddbjyfwgk/202412/t20241227_1395267.html","NDRC-人大代表建议复文","建议答复函"
"对十四届全国人大二次会议第5525号建议的答复","https://www.ndrc.gov.cn/xxgk/jianyitianfuwen/qgrddbjyfwgk/202412/t20241227_1395268.html","NDRC-人大代表建议复文","建议答复函"
"对十四届全国人大二次会议第5591号建议的答复","https://www.ndrc.gov.cn/xxgk/jianyitianfuwen/qgrddbjyfwgk/202412/t20241227_1395269.html","NDRC-人大代表建议复文","建议答复函"
"对十四届全国人大二次会议第6278号建议的答复","https://www.ndrc.gov.cn/xxgk/jianyitianfuwen/qgrddbjyfwgk/202412/t20241227_1395270.html","NDRC-人大代表建议复文","建议答复函"
"对十四届全国人大二次会议第6500号建议的答复","https://www.ndrc.gov.cn/xxgk/jianyitianfuwen/qgrddbjyfwgk/202412/t20241227_1395271.html","NDRC-人大代表建议复文","建议答复函"
"对十四届全国人大二次会议第6673号建议的答复","https://www.ndrc.gov.cn/xxgk/jianyitianfuwen/qgrddbjyfwgk/202412/t20241227_1395272.html","NDRC-人大代表建议复文","建议答复函"
"对十四届全国人大二次会议第6714号建议的答复","https://www.ndrc.gov.cn/xxgk/jianyitianfuwen/qgrddbjyfwgk/202412/t20241227_1395273.html","NDRC-人大代表建议复文","建议答复函"
"对十四届全国人大二次会议第6809号建议的答复","https://www.ndrc.gov.cn/xxgk/jianyitianfuwen/qgrddbjyfwgk/202412/t20241227_1395274.html","NDRC-人大代表建议复文","建议答复函"
"对十四届全国人大二次会议第7297号建议的答复","https://www.ndrc.gov.cn/xxgk/jianyitianfuwen/qgrddbjyfwgk/202412/t20241227_1395275.html","NDRC-人大代表建议复文","建议答复函"
"对十四届全国人大二次会议第7550号建议的答复","https://www.ndrc.gov.cn/xxgk/jianyitianfuwen/qgrddbjyfwgk/202412/t20241227_1395276.html","NDRC-人大代表建议复文","建议答复函"
"对十四届全国人大二次会议第7702号建议的答复","https://www.ndrc.gov.cn/xxgk/jianyitianfuwen/qgrddbjyfwgk/202412/t20241227_1395277.html","NDRC-人大代表建议复文","建议答复函"
"对十四届全国人大二次会议第7760号建议的答复","https://www.ndrc.gov.cn/xxgk/jianyitianfuwen/qgrddbjyfwgk/202412/t20241227_1395278.html","NDRC-人大代表建议复文","建议答复函"
"对十四届全国人大二次会议第8064号建议的答复","https://www.ndrc.gov.cn/xxgk/jianyitianfuwen/qgrddbjyfwgk/202412/t20241227_1395279.html","NDRC-人大代表建议复文","建议答复函"
"对十四届全国人大二次会议第8241号建议的答复","https://www.ndrc.gov.cn/xxgk/jianyitianfuwen/qgrddbjyfwgk/202412/t20241227_1395280.html","NDRC-人大代表建议复文","建议答复函"
"对十四届全国人大二次会议第8344号建议的答复","https://www.ndrc.gov.cn/xxgk/jianyitianfuwen/qgrddbjyfwgk/202412/t20241227_1395281.html","NDRC-人大代表建议复文","建议答复函"
"对十四届全国人大二次会议第8497号建议的答复","https://www.ndrc.gov.cn/xxgk/jianyitianfuwen/qgrddbjyfwgk/202412/t20241227_1395282.html","NDRC-人大代表建议复文","建议答复函"
"对十四届全国人大二次会议第8937号建议的答复","https://www.ndrc.gov.cn/xxgk/jianyitianfuwen/qgrddbjyfwgk/202412/t20241227_1395283.html","NDRC-人大代表建议复文","建议答复函"
"对十四届全国人大二次会议第8955号建议的答复","https://www.ndrc.gov.cn/xxgk/jianyitianfuwen/qgrddbjyfwgk/202412/t20241227_1395284.html","NDRC-人大代表建议复文","建议答复函"
"对十四届全国人大三次会议第0113号建议的答复","https://www.ndrc.gov.cn/xxgk/jianyitianfuwen/qgrddbjyfwgk/202511/t20251120_1401780.html","NDRC-人大代表建议复文","建议答复函"
"对十四届全国人大三次会议第0476号建议的答复","https://www.ndrc.gov.cn/xxgk/jianyitianfuwen/qgrddbjyfwgk/202511/t20251120_1401781.html","NDRC-人大代表建议复文","建议答复函"
"对十四届全国人大三次会议第0488号建议的答复","https://www.ndrc.gov.cn/xxgk/jianyitianfuwen/qgrddbjyfwgk/202511/t20251120_1401782.html","NDRC-人大代表建议复文","建议答复函"
"对十四届全国人大三次会议第1352号建议的答复","https://www.ndrc.gov.cn/xxgk/jianyitianfuwen/qgrddbjyfwgk/202511/t20251120_1401783.html","NDRC-人大代表建议复文","建议答复函"
"对十四届全国人大三次会议第1552号建议的答复","https://www.ndrc.gov.cn/xxgk/jianyitianfuwen/qgrddbjyfwgk/202511/t20251120_1401784.html","NDRC-人大代表建议复文","建议答复函"
"对十四届全国人大三次会议第2393号建议的答复","https://www.ndrc.gov.cn/xxgk/jianyitianfuwen/qgrddbjyfwgk/202511/t20251120_1401785.html","NDRC-人大代表建议复文","建议答复函"
"对十四届全国人大三次会议第3400号建议的答复","https://www.ndrc.gov.cn/xxgk/jianyitianfuwen/qgrddbjyfwgk/202511/t20251120_1401786.html","NDRC-人大代表建议复文","建议答复函"
"对十四届全国人大三次会议第3836号建议的答复","https://www.ndrc.gov.cn/xxgk/jianyitianfuwen/qgrddbjyfwgk/202511/t20251120_1401787.html","NDRC-人大代表建议复文","建议答复函"
"对十四届全国人大三次会议第4030号建议的答复","https://www.ndrc.gov.cn/xxgk/jianyitianfuwen/qgrddbjyfwgk/202511/t20251120_1401788.html","NDRC-人大代表建议复文","建议答复函"
"对十四届全国人大三次会议第4556号建议的答复","https://www.ndrc.gov.cn/xxgk/jianyitianfuwen/qgrddbjyfwgk/202511/t20251120_1401789.html","NDRC-人大代表建议复文","建议答复函"
"对十四届全国人大三次会议第4677号建议的答复","https://www.ndrc.gov.cn/xxgk/jianyitianfuwen/qgrddbjyfwgk/202511/t20251120_1401790.html","NDRC-人大代表建议复文","建议答复函"
"对十四届全国人大三次会议第5163号建议的答复","https://www.ndrc.gov.cn/xxgk/jianyitianfuwen/qgrddbjyfwgk/202511/t20251120_1401791.html","NDRC-人大代表建议复文","建议答复函"
"对十四届全国人大三次会议第5557号建议的答复","https://www.ndrc.gov.cn/xxgk/jianyitianfuwen/qgrddbjyfwgk/202511/t20251120_1401792.html","NDRC-人大代表建议复文","建议答复函"
"对十四届全国人大三次会议第5640号建议的答复","https://www.ndrc.gov.cn/xxgk/jianyitianfuwen/qgrddbjyfwgk/202511/t20251120_1401793.html","NDRC-人大代表建议复文","建议答复函"
"对十四届全国人大三次会议第5822号建议的答复","https://www.ndrc.gov.cn/xxgk/jianyitianfuwen/qgrddbjyfwgk/202511/t20251120_1401794.html","NDRC-人大代表建议复文","建议答复函"
"对十四届全国人大三次会议第6062号建议的答复","https://www.ndrc.gov.cn/xxgk/jianyitianfuwen/qgrddbjyfwgk/202511/t20251120_1401795.html","NDRC-人大代表建议复文","建议答复函"
"对十四届全国人大三次会议第6602号建议的答复","https://www.ndrc.gov.cn/xxgk/jianyitianfuwen/qgrddbjyfwgk/202511/t20251120_1401796.html","NDRC-人大代表建议复文","建议答复函"
"对十四届全国人大三次会议第7261号建议的答复","https://www.ndrc.gov.cn/xxgk/jianyitianfuwen/qgrddbjyfwgk/202511/t20251120_1401797.html","NDRC-人大代表建议复文","建议答复函"
"对十四届全国人大三次会议第7659号建议的答复","https://www.ndrc.gov.cn/xxgk/jianyitianfuwen/qgrddbjyfwgk/202511/t20251120_1401798.html","NDRC-人大代表建议复文","建议答复函"
"对十四届全国人大三次会议第7859号建议的答复","https://www.ndrc.gov.cn/xxgk/jianyitianfuwen/qgrddbjyfwgk/202511/t20251120_1401799.html","NDRC-人大代表建议复文","建议答复函"
"对十四届全国人大三次会议第8119、0606、2047、4188、6731号建议的答复","https://www.ndrc.gov.cn/xxgk/jianyitianfuwen/qgrddbjyfwgk/202511/t20251120_1401800.html","NDRC-人大代表建议复文","建议答复函"
"对十四届全国人大三次会议第8801号建议的答复","https://www.ndrc.gov.cn/xxgk/jianyitianfuwen/qgrddbjyfwgk/202511/t20251120_1401801.html","NDRC-人大代表建议复文","建议答复函"
"对十四届全国人大三次会议第8819号建议的答复","https://www.ndrc.gov.cn/xxgk/jianyitianfuwen/qgrddbjyfwgk/202511/t20251120_1401802.html","NDRC-人大代表建议复文","建议答复函"
"关于政协十三届全国委员会第二次会议第2685号（经济发展类165号）提案答复的函","https://www.ndrc.gov.cn/xxgk/jianyitianfuwen/qgzxwytafwgk/202107/t20210708_1289412.html","NDRC-提案答复函","提案答复函"
"关于政协十三届全国委员会第二次会议第2583号（经济发展类151号）提案答复的函","https://www.ndrc.gov.cn/xxgk/jianyitianfuwen/qgzxwytafwgk/202107/t20210708_1289413.html","NDRC-提案答复函","提案答复函"
"关于政协十三届全国委员会第二次会议第0654号（经济发展类034号）提案答复的函","https://www.ndrc.gov.cn/xxgk/jianyitianfuwen/qgzxwytafwgk/202107/t20210708_1289418.html","NDRC-提案答复函","提案答复函"
"关于政协十三届全国委员会第二次会议第3837号（经济发展类251号）提案答复的函","https://www.ndrc.gov.cn/xxgk/jianyitianfuwen/qgzxwytafwgk/202107/t20210708_1289419.html","NDRC-提案答复函","提案答复函"
"关于政协十三届全国委员会第二次会议第0329号（经济发展类026号）提案答复的函","https://www.ndrc.gov.cn/xxgk/jianyitianfuwen/qgzxwytafwgk/202107/t20210708_1289420.html","NDRC-提案答复函","提案答复函"
"关于政协十三届全国委员会第二次会议第0134号（经济发展类011号）提案答复的函","https://www.ndrc.gov.cn/xxgk/jianyitianfuwen/qgzxwytafwgk/202107/t20210708_1289421.html","NDRC-提案答复函","提案答复函"
"关于政协十三届全国委员会第二次会议第3697号（经济发展类226号）提案答复的函","https://www.ndrc.gov.cn/xxgk/jianyitianfuwen/qgzxwytafwgk/202107/t20210708_1289422.html","NDRC-提案答复函","提案答复函"
"关于政协十三届全国委员会第二次会议第1061号（经济发展类073号）提案答复的函","https://www.ndrc.gov.cn/xxgk/jianyitianfuwen/qgzxwytafwgk/202107/t20210708_1289423.html","NDRC-提案答复函","提案答复函"
"关于政协十三届全国委员会第二次会议第1497号、B035、B078（经济发展类103号）提案答复的函","https://www.ndrc.gov.cn/xxgk/jianyitianfuwen/qgzxwytafwgk/202107/t20210708_1289424.html","NDRC-提案答复函","提案答复函"
"关于政协十三届全国委员会第二次会第0740号（经济发展类041号）提案答复的函","https://www.ndrc.gov.cn/xxgk/jianyitianfuwen/qgzxwytafwgk/202107/t20210708_1289429.html","NDRC-提案答复函","提案答复函"
"关于政协十三届全国委员会第二次会议第0841号（经济发展类062号）提案答复的函","https://www.ndrc.gov.cn/xxgk/jianyitianfuwen/qgzxwytafwgk/202107/t20210708_1289430.html","NDRC-提案答复函","提案答复函"
"关于政协十三届全国委员会第二次会议第0847号（经济发展类065号）提案答复的函","https://www.ndrc.gov.cn/xxgk/jianyitianfuwen/qgzxwytafwgk/202107/t20210708_1289431.html","NDRC-提案答复函","提案答复函"
"关于政协十三届全国委员会第二次会议第0931号（政治法律类075号）提案答复的函","https://www.ndrc.gov.cn/xxgk/jianyitianfuwen/qgzxwytafwgk/202107/t20210708_1289432.html","NDRC-提案答复函","提案答复函"
"关于政协十三届全国委员会第二次会议第1406号（经济发展类089号）提案答复的函","https://www.ndrc.gov.cn/xxgk/jianyitianfuwen/qgzxwytafwgk/202107/t20210708_1289433.html","NDRC-提案答复函","提案答复函"
"关于政协十三届全国委员会第二次会议第2670号（经济发展类162号）提案答复的函","https://www.ndrc.gov.cn/xxgk/jianyitianfuwen/qgzxwytafwgk/202107/t20210708_1289434.html","NDRC-提案答复函","提案答复函"
"关于政协十三届全国委员会第二次会议第2489号（工交邮电类269号）提案答复的函","https://www.ndrc.gov.cn/xxgk/jianyitianfuwen/qgzxwytafwgk/202107/t20210708_1289440.html","NDRC-提案答复函","提案答复函"
"关于政协十三届全国委员会第二次会议第2306号（工交邮电类261号）提案答复的函","https://www.ndrc.gov.cn/xxgk/jianyitianfuwen/qgzxwytafwgk/202107/t20210708_1289441.html","NDRC-提案答复函","提案答复函"
"关于政协十三届全国委员会第二次会议第0495号（文化宣传类044号）提案答复的函","https://www.ndrc.gov.cn/xxgk/jianyitianfuwen/qgzxwytafwgk/202107/t20210708_1289450.html","NDRC-提案答复函","提案答复函"
"关于政协十三届全国委员会第二次会议第0789号（经济发展类054号）提案答复的函","https://www.ndrc.gov.cn/xxgk/jianyitianfuwen/qgzxwytafwgk/202107/t20210708_1289451.html","NDRC-提案答复函","提案答复函"
"关于政协十三届全国委员会第二次会议第1430号（工交邮电类083号）提案答复的函","https://www.ndrc.gov.cn/xxgk/jianyitianfuwen/qgzxwytafwgk/202107/t20210708_1289452.html","NDRC-提案答复函","提案答复函"
"关于政协十三届全国委员会第二次会议第2107号（经济发展类129号）提案答复的函","https://www.ndrc.gov.cn/xxgk/jianyitianfuwen/qgzxwytafwgk/202107/t20210708_1289453.html","NDRC-提案答复函","提案答复函"
"关于政协十三届全国委员会第二次会议第2582号（经济发展类150号）提案答复的函","https://www.ndrc.gov.cn/xxgk/jianyitianfuwen/qgzxwytafwgk/202107/t20210708_1289454.html","NDRC-提案答复函","提案答复函"
"关于政协十三届全国委员会第二次会议第2693号（经济发展类166号）提案答复的函","https://www.ndrc.gov.cn/xxgk/jianyitianfuwen/qgzxwytafwgk/202107/t20210708_1289455.html","NDRC-提案答复函","提案答复函"
"关于政协十三届全国委员会第二次会议第3517号（经济发展类207号）提案答复的函","https://www.ndrc.gov.cn/xxgk/jianyitianfuwen/qgzxwytafwgk/202107/t20210708_1289456.html","NDRC-提案答复函","提案答复函"
"关于政协十三届全国委员会第二次会议第3776号（经济发展类244号）提案答复的函","https://www.ndrc.gov.cn/xxgk/jianyitianfuwen/qgzxwytafwgk/202107/t20210708_1289457.html","NDRC-提案答复函","提案答复函"
"关于政协十三届全国委员会第二次会议第3786号（经济发展类246号）提案答复的函","https://www.ndrc.gov.cn/xxgk/jianyitianfuwen/qgzxwytafwgk/202107/t20210708_1289458.html","NDRC-提案答复函","提案答复函"
"关于政协十三届全国委员会第二次会议第3857号（经济发展类256号）提案答复的函","https://www.ndrc.gov.cn/xxgk/jianyitianfuwen/qgzxwytafwgk/202107/t20210708_1289459.html","NDRC-提案答复函","提案答复函"
"关于政协十三届全国委员会第二次会议第0776号（经济发展类052号）提案答复的函","https://www.ndrc.gov.cn/xxgk/jianyitianfuwen/qgzxwytafwgk/202107/t20210708_1289477.html","NDRC-提案答复函","提案答复函"
"关于政协十三届全国委员会第二次会议第0026号（经济发展类003号）提案答复的函","https://www.ndrc.gov.cn/xxgk/jianyitianfuwen/qgzxwytafwgk/202107/t20210708_1289479.html","NDRC-提案答复函","提案答复函"
"关于政协十三届全国委员会第二次会议第0145号（经济发展类013号）提案答复的函","https://www.ndrc.gov.cn/xxgk/jianyitianfuwen/qgzxwytafwgk/202107/t20210708_1289481.html","NDRC-提案答复函","提案答复函"
"关于政协十三届全国委员会第二次会议第0750号（经济发展类043号）提案答复的函","https://www.ndrc.gov.cn/xxgk/jianyitianfuwen/qgzxwytafwgk/202107/t20210708_1289482.html","NDRC-提案答复函","提案答复函"
"关于政协十三届全国委员会第二次会议第0751号（经济发展类044号）提案答复的函","https://www.ndrc.gov.cn/xxgk/jianyitianfuwen/qgzxwytafwgk/202107/t20210708_1289483.html","NDRC-提案答复函","提案答复函"
"关于政协十三届全国委员会第二次会议第0844号（经济发展类064号）提案答复的函","https://www.ndrc.gov.cn/xxgk/jianyitianfuwen/qgzxwytafwgk/202107/t20210708_1289484.html","NDRC-提案答复函","提案答复函"
"关于政协十三届全国委员会第二次会议第1376号、B044（资源环境类069号）提案答复的函","https://www.ndrc.gov.cn/xxgk/jianyitianfuwen/qgzxwytafwgk/202107/t20210708_1289485.html","NDRC-提案答复函","提案答复函"
"关于政协十三届全国委员会第二次会议第2353号（医疗体育类239号）提案答复的函","https://www.ndrc.gov.cn/xxgk/jianyitianfuwen/qgzxwytafwgk/202107/t20210708_1289486.html","NDRC-提案答复函","提案答复函"
"关于政协十三届全国委员会第二次会议第2468号（资源环境类135号）提案答复的函","https://www.ndrc.gov.cn/xxgk/jianyitianfuwen/qgzxwytafwgk/202107/t20210708_1289487.html","NDRC-提案答复函","提案答复函"
"关于政协十三届全国委员会第二次会议第3396号（资源环境类196号）提案答复的函","https://www.ndrc.gov.cn/xxgk/jianyitianfuwen/qgzxwytafwgk/202107/t20210708_1289488.html","NDRC-提案答复函","提案答复函"
"关于政协十三届全国委员会第二次会议第3760号（经济发展类239号）提案答复的函","https://www.ndrc.gov.cn/xxgk/jianyitianfuwen/qgzxwytafwgk/202107/t20210708_1289491.html","NDRC-提案答复函","提案答复函"
"关于政协十三届全国委员会第二次会议第3779号（社会管理类291号）提案答复的函","https://www.ndrc.gov.cn/xxgk/jianyitianfuwen/qgzxwytafwgk/202107/t20210708_1289492.html","NDRC-提案答复函","提案答复函"
"关于政协十三届全国委员会第二次会议第3809号（农业水利类307号）提案答复的函","https://www.ndrc.gov.cn/xxgk/jianyitianfuwen/qgzxwytafwgk/202107/t20210708_1289493.html","NDRC-提案答复函","提案答复函"
"关于政协十三届全国委员会第二次会议第3847号（经济发展类254号）提案答复的函","https://www.ndrc.gov.cn/xxgk/jianyitianfuwen/qgzxwytafwgk/202107/t20210708_1289494.html","NDRC-提案答复函","提案答复函"
"关于政协十三届全国委员会第二次会议第3989号（经济发展类272号）提案答复的函","https://www.ndrc.gov.cn/xxgk/jianyitianfuwen/qgzxwytafwgk/202107/t20210708_1289496.html","NDRC-提案答复函","提案答复函"
"关于政协十三届全国委员会第二次会议第3995号（经济发展类274号）提案答复的函","https://www.ndrc.gov.cn/xxgk/jianyitianfuwen/qgzxwytafwgk/202107/t20210708_1289497.html","NDRC-提案答复函","提案答复函"
"关于政协十三届全国委员会第二次会议第4019号（经济发展类276号）提案答复的函","https://www.ndrc.gov.cn/xxgk/jianyitianfuwen/qgzxwytafwgk/202107/t20210708_1289498.html","NDRC-提案答复函","提案答复函"
"关于政协十三届全国委员会第二次会议第4028号（经济发展类277号）提案答复的函","https://www.ndrc.gov.cn/xxgk/jianyitianfuwen/qgzxwytafwgk/202107/t20210708_1289499.html","NDRC-提案答复函","提案答复函"
"关于政协十三届全国委员会第二次会议第1367号（经济发展类083号）提案答复的函","https://www.ndrc.gov.cn/xxgk/jianyitianfuwen/qgzxwytafwgk/202107/t20210708_1289525.html","NDRC-提案答复函","提案答复函"
"关于政协十三届全国委员会第二次会议第1422号（经济发展类091号）提案答复的函","https://www.ndrc.gov.cn/xxgk/jianyitianfuwen/qgzxwytafwgk/202107/t20210708_1289526.html","NDRC-提案答复函","提案答复函"
"关于政协十三届全国委员会第二次会议第2694号（经济发展类167号）提案答复的函","https://www.ndrc.gov.cn/xxgk/jianyitianfuwen/qgzxwytafwgk/202107/t20210708_1289527.html","NDRC-提案答复函","提案答复函"
"关于政协十三届全国委员会第二次会议第1826号（经济发展类116号）提案答复的函","https://www.ndrc.gov.cn/xxgk/jianyitianfuwen/qgzxwytafwgk/202107/t20210708_1289529.html","NDRC-提案答复函","提案答复函"
"关于政协十三届全国委员会第二次会议第3458号（经济发展类204号）提案答复的函","https://www.ndrc.gov.cn/xxgk/jianyitianfuwen/qgzxwytafwgk/202107/t20210708_1289530.html","NDRC-提案答复函","提案答复函"
"关于政协十三届全国委员会第二次会议第3469号（经济发展类205号）提案答复的函","https://www.ndrc.gov.cn/xxgk/jianyitianfuwen/qgzxwytafwgk/202107/t20210708_1289531.html","NDRC-提案答复函","提案答复函"
"关于政协十三届全国委员会第二次会议第0330号（经济发展类027号）提案答复的函","https://www.ndrc.gov.cn/xxgk/jianyitianfuwen/qgzxwytafwgk/202107/t20210708_1289534.html","NDRC-提案答复函","提案答复函"
"关于政协十三届全国委员会第二次会议第2877号（科学技术类173号）提案答复的函","https://www.ndrc.gov.cn/xxgk/jianyitianfuwen/qgzxwytafwgk/202107/t20210708_1289560.html","NDRC-提案答复函","提案答复函"
"关于政协十三届全国委员会第二次会议第2615号（经济发展类161号）提案答复的函","https://www.ndrc.gov.cn/xxgk/jianyitianfuwen/qgzxwytafwgk/202107/t20210708_1289561.html","NDRC-提案答复函","提案答复函"
"关于政协十三届全国委员会第二次会议第0216号（经济发展类014号）提案答复的函","https://www.ndrc.gov.cn/xxgk/jianyitianfuwen/qgzxwytafwgk/202107/t20210708_1289562.html","NDRC-提案答复函","提案答复函"
"关于政协十三届全国委员会第二次会议第2605号（工交邮电类287号）提案答复的函","https://www.ndrc.gov.cn/xxgk/jianyitianfuwen/qgzxwytafwgk/202107/t20210708_1289566.html","NDRC-提案答复函","提案答复函"
"关于政协十三届全国委员会第二次会议第1926号（工交邮电类202号）提案答复的函","https://www.ndrc.gov.cn/xxgk/jianyitianfuwen/qgzxwytafwgk/202107/t20210708_1289567.html","NDRC-提案答复函","提案答复函"
"关于政协十三届全国委员会第二次会议第3911号（工交邮电类433号）提案答复的函","https://www.ndrc.gov.cn/xxgk/jianyitianfuwen/qgzxwytafwgk/202107/t20210708_1289568.html","NDRC-提案答复函","提案答复函"
"关于政协十三届全国委员会第二次会议第3836号（工交邮电类421号）提案答复的函","https://www.ndrc.gov.cn/xxgk/jianyitianfuwen/qgzxwytafwgk/202107/t20210708_1289569.html","NDRC-提案答复函","提案答复函"
"关于政协十三届全国委员会第二次会议第3636号（经济发展类215号）提案答复的函","https://www.ndrc.gov.cn/xxgk/jianyitianfuwen/qgzxwytafwgk/202107/t20210708_1289570.html","NDRC-提案答复函","提案答复函"
"关于政协十三届全国委员会第二次会议第3886号（工交邮电类425号）提案答复的函","https://www.ndrc.gov.cn/xxgk/jianyitianfuwen/qgzxwytafwgk/202107/t20210708_1289571.html","NDRC-提案答复函","提案答复函"
"关于政协十三届全国委员会第二次会议第2585号（经济发展类153号）提案答复的函","https://www.ndrc.gov.cn/xxgk/jianyitianfuwen/qgzxwytafwgk/202107/t20210708_1289573.html","NDRC-提案答复函","提案答复函"
"关于政协十三届全国委员会第二次会议第3061号（政治法律类273号）提案答复的函","https://www.ndrc.gov.cn/xxgk/jianyitianfuwen/qgzxwytafwgk/202107/t20210708_1289591.html","NDRC-提案答复函","提案答复函"
"关于政协十三届全国委员会第二次会议第3627号（政治法律类329号）提案答复的函","https://www.ndrc.gov.cn/xxgk/jianyitianfuwen/qgzxwytafwgk/202107/t20210708_1289592.html","NDRC-提案答复函","提案答复函"
"关于政协十三届全国委员会第二次会议第0106号（经济发展类009号）提案答复的函","https://www.ndrc.gov.cn/xxgk/jianyitianfuwen/qgzxwytafwgk/202107/t20210708_1289593.html","NDRC-提案答复函","提案答复函"
"关于政协十三届全国委员会第二次会议第1739号（经济发展类112号）提案答复的函","https://www.ndrc.gov.cn/xxgk/jianyitianfuwen/qgzxwytafwgk/202107/t20210708_1289596.html","NDRC-提案答复函","提案答复函"
"关于政协十三届全国委员会第二次会议第2531号（经济发展类138号）提案答复的函","https://www.ndrc.gov.cn/xxgk/jianyitianfuwen/qgzxwytafwgk/202107/t20210708_1289597.html","NDRC-提案答复函","提案答复函"
"关于政协十三届全国委员会第二次会议第3510号（经济发展类206号）提案答复的函","https://www.ndrc.gov.cn/xxgk/jianyitianfuwen/qgzxwytafwgk/202107/t20210708_1289598.html","NDRC-提案答复函","提案答复函"
"关于政协十三届全国委员会第二次会议第3753号（经济发展类238号）提案答复的函","https://www.ndrc.gov.cn/xxgk/jianyitianfuwen/qgzxwytafwgk/202107/t20210708_1289601.html","NDRC-提案答复函","提案答复函"
"关于政协十三届全国委员会第二次会议第1426号（经济发展类092号）提案答复的函","https://www.ndrc.gov.cn/xxgk/jianyitianfuwen/qgzxwytafwgk/202107/t20210708_1289616.html","NDRC-提案答复函","提案答复函"
"关于政协十三届全国委员会第二次会议第3269号（经济发展类186号）提案答复的函","https://www.ndrc.gov.cn/xxgk/jianyitianfuwen/qgzxwytafwgk/202107/t20210708_1289617.html","NDRC-提案答复函","提案答复函"
"关于政协十三届全国委员会第二次会议第2555号（经济发展类144号）提案答复的函","https://www.ndrc.gov.cn/xxgk/jianyitianfuwen/qgzxwytafwgk/202107/t20210708_1289618.html","NDRC-提案答复函","提案答复函"
"关于政协十三届全国委员会第二次会议第2299号（资源环境类133号）提案答复的函","https://www.ndrc.gov.cn/xxgk/jianyitianfuwen/qgzxwytafwgk/202107/t20210708_1289621.html","NDRC-提案答复函","提案答复函"
"关于政协十三届全国委员会第二次会议第3838号（资源环境类224号）提案答复的函","https://www.ndrc.gov.cn/xxgk/jianyitianfuwen/qgzxwytafwgk/202107/t20210708_1289622.html","NDRC-提案答复函","提案答复函"
"关于政协十三届全国委员会第二次会议第1418号（经济发展类090号）提案答复的函","https://www.ndrc.gov.cn/xxgk/jianyitianfuwen/qgzxwytafwgk/202107/t20210708_1289624.html","NDRC-提案答复函","提案答复函"
"关于政协十三届全国委员会第二次会议第1596号（经济发展类111号）提案答复的函","https://www.ndrc.gov.cn/xxgk/jianyitianfuwen/qgzxwytafwgk/202107/t20210708_1289625.html","NDRC-提案答复函","提案答复函"
"关于政协十三届全国委员会第二次会议第4097号（医疗体育类443号）提案答复的函","https://www.ndrc.gov.cn/xxgk/jianyitianfuwen/qgzxwytafwgk/202107/t20210708_1289629.html","NDRC-提案答复函","提案答复函"
"关于政协第十三届全国委员会第三次会议第4801号(农业水利类302号)提案答复的函","https://www.ndrc.gov.cn/xxgk/jianyitianfuwen/qgzxwytafwgk/202107/t20210708_1289644.html","NDRC-提案答复函","提案答复函"
"关于政协十三届全国委员会第三次会议第4748号(农业水利类297号)提案答复的函","https://www.ndrc.gov.cn/xxgk/jianyitianfuwen/qgzxwytafwgk/202107/t20210708_1289648.html","NDRC-提案答复函","提案答复函"
"关于政协第十三届全国委员会第三次会议第5115号(经济发展类384号)提案答复的函","https://www.ndrc.gov.cn/xxgk/jianyitianfuwen/qgzxwytafwgk/202107/t20210708_1289657.html","NDRC-提案答复函","提案答复函"
"关于政协第十三届全国委员会第三次会议第0269号(工交邮电类028号)提案答复的函","https://www.ndrc.gov.cn/xxgk/jianyitianfuwen/qgzxwytafwgk/202107/t20210708_1289665.html","NDRC-提案答复函","提案答复函"
"关于政协十三届全国委员会第三次会议第4740号(商贸旅游类078号)提案答复的函","https://www.ndrc.gov.cn/xxgk/jianyitianfuwen/qgzxwytafwgk/202107/t20210708_1289666.html","NDRC-提案答复函","提案答复函"
"关于政协十三届全国委员会第三次会议第3487号(社会管理类310号)提案答复的函","https://www.ndrc.gov.cn/xxgk/jianyitianfuwen/qgzxwytafwgk/202107/t20210708_1289668.html","NDRC-提案答复函","提案答复函"
"关于政协十三届全国委员会第三次会议第0024号(经济发展类001号)提案答复的函","https://www.ndrc.gov.cn/xxgk/jianyitianfuwen/qgzxwytafwgk/202107/t20210708_1289669.html","NDRC-提案答复函","提案答复函"
"关于政协十三届全国委员会第三次会议第3577号(资源环境类168号)提案答复的函","https://www.ndrc.gov.cn/xxgk/jianyitianfuwen/qgzxwytafwgk/202107/t20210708_1289670.html","NDRC-提案答复函","提案答复函"
"关于政协十三届全国委员会第三次会议第0040号(资源环境类007号)提案答复的函","https://www.ndrc.gov.cn/xxgk/jianyitianfuwen/qgzxwytafwgk/202107/t20210708_1289671.html","NDRC-提案答复函","提案答复函"
"关于政协十三届全国委员会第三次会议第2705号(经济发展类180号)提案答复的函","https://www.ndrc.gov.cn/xxgk/jianyitianfuwen/qgzxwytafwgk/202107/t20210708_1289672.html","NDRC-提案答复函","提案答复函"
"关于政协十三届全国委员会第三次会议第1544号(工交邮电类188号)提案答复的函","https://www.ndrc.gov.cn/xxgk/jianyitianfuwen/qgzxwytafwgk/202107/t20210708_1289673.html","NDRC-提案答复函","提案答复函"
"关于政协十三届全国委员会第三次会议第4745号(科学技术类189号)提案答复的函","https://www.ndrc.gov.cn/xxgk/jianyitianfuwen/qgzxwytafwgk/202107/t20210708_1289679.html","NDRC-提案答复函","提案答复函"
"关于政协十三届全国委员会第三次会议第0806号(经济发展类074号)提案答复的函","https://www.ndrc.gov.cn/xxgk/jianyitianfuwen/qgzxwytafwgk/202107/t20210708_1289680.html","NDRC-提案答复函","提案答复函"
"关于政协十三届全国委员会第三次会议第2559号(经济发展类131号)提案答复的函","https://www.ndrc.gov.cn/xxgk/jianyitianfuwen/qgzxwytafwgk/202107/t20210708_1289685.html","NDRC-提案答复函","提案答复函"
"关于政协十三届全国委员会第三次会议第4667号(经济发展类233号)提案答复的函","https://www.ndrc.gov.cn/xxgk/jianyitianfuwen/qgzxwytafwgk/202107/t20210708_1289697.html","NDRC-提案答复函","提案答复函"
"关于政协十三届全国委员会第三次会议第0148号(文化宣传类004号)提案答复的函","https://www.ndrc.gov.cn/xxgk/jianyitianfuwen/qgzxwytafwgk/202107/t20210708_1289698.html","NDRC-提案答复函","提案答复函"
"关于政协十三届全国委员会第三次会议第1976号(文化宣传类097号)提案答复的函","https://www.ndrc.gov.cn/xxgk/jianyitianfuwen/qgzxwytafwgk/202107/t20210708_1289699.html","NDRC-提案答复函","提案答复函"
"关于政协十三届全国委员会第三次会议第2532号(农业水利类211号)提案答复的函","https://www.ndrc.gov.cn/xxgk/jianyitianfuwen/qgzxwytafwgk/202107/t20210708_1289700.html","NDRC-提案答复函","提案答复函"
"关于政协十三届全国委员会第三次会议第3614号(经济发展类221号)提案答复的函","https://www.ndrc.gov.cn/xxgk/jianyitianfuwen/qgzxwytafwgk/202107/t20210708_1289707.html","NDRC-提案答复函","提案答复函"
"关于政协十三届全国委员会第三次会议第4028号(农业水利类350号)提案答复的函","https://www.ndrc.gov.cn/xxgk/jianyitianfuwen/qgzxwytafwgk/202107/t20210708_1289708.html","NDRC-提案答复函","提案答复函"
"关于政协十三届全国委员会第三次会议第4020号(农业水利类346号)提案答复的函","https://www.ndrc.gov.cn/xxgk/jianyitianfuwen/qgzxwytafwgk/202107/t20210708_1289713.html","NDRC-提案答复函","提案答复函"
"关于政协十三届全国委员会第三次会议第2999号(资源环境类153号)提案答复的函","https://www.ndrc.gov.cn/xxgk/jianyitianfuwen/qgzxwytafwgk/202107/t20210708_1289714.html","NDRC-提案答复函","提案答复函"
"关于政协十三届全国委员会第三次会议第3596号(资源环境类171号)提案答复的函","https://www.ndrc.gov.cn/xxgk/jianyitianfuwen/qgzxwytafwgk/202107/t20210708_1289715.html","NDRC-提案答复函","提案答复函"
"关于政协十三届全国委员会第三次会议第4637号(商贸旅游类123号)提案答复的函","https://www.ndrc.gov.cn/xxgk/jianyitianfuwen/qgzxwytafwgk/202107/t20210708_1289717.html","NDRC-提案答复函","提案答复函"
"关于政协十三届全国委员会第三次会议第1400号(经济发展类095号)提案答复的函","https://www.ndrc.gov.cn/xxgk/jianyitianfuwen/qgzxwytafwgk/202107/t20210708_1289718.html","NDRC-提案答复函","提案答复函"
"关于政协十三届全国委员会第三次会议第3600号(工交邮电类349号)提案答复的函","https://www.ndrc.gov.cn/xxgk/jianyitianfuwen/qgzxwytafwgk/202107/t20210708_1289719.html","NDRC-提案答复函","提案答复函"
"关于政协十三届全国委员会第三次会议第2673号(经济发展类169号)提案答复的函","https://www.ndrc.gov.cn/xxgk/jianyitianfuwen/qgzxwytafwgk/202107/t20210708_1289725.html","NDRC-提案答复函","提案答复函"
"关于政协十三届全国委员会第三次会议第2945号(经济发展类189号)提案答复的函","https://www.ndrc.gov.cn/xxgk/jianyitianfuwen/qgzxwytafwgk/202107/t20210708_1289726.html","NDRC-提案答复函","提案答复函"
"关于政协十三届全国委员会第三次会议第1428号(经济发展类104号)提案答复的函","https://www.ndrc.gov.cn/xxgk/jianyitianfuwen/qgzxwytafwgk/202107/t20210708_1289727.html","NDRC-提案答复函","提案答复函"
"关于政协十三届全国委员会第三次会议第0569号(经济发展类055号)提案答复的函","https://www.ndrc.gov.cn/xxgk/jianyitianfuwen/qgzxwytafwgk/202107/t20210708_1289729.html","NDRC-提案答复函","提案答复函"
"关于政协十三届全国委员会第三次会议第1522号(经济发展类115号)提案答复的函","https://www.ndrc.gov.cn/xxgk/jianyitianfuwen/qgzxwytafwgk/202107/t20210708_1289732.html","NDRC-提案答复函","提案答复函"
"关于政协十三届全国委员会第三次会议第2681号(经济发展类172号)提案答复的函","https://www.ndrc.gov.cn/xxgk/jianyitianfuwen/qgzxwytafwgk/202107/t20210708_1289739.html","NDRC-提案答复函","提案答复函"
"关于政协第十三届全国委员会第三次会议第1510号(财税金融类151号)提案答复的函","https://www.ndrc.gov.cn/xxgk/jianyitianfuwen/qgzxwytafwgk/202107/t20210708_1289741.html","NDRC-提案答复函","提案答复函"
"关于政协十三届全国委员会第三次会议第3590号(财税金融类262号)提案答复的函","https://www.ndrc.gov.cn/xxgk/jianyitianfuwen/qgzxwytafwgk/202107/t20210708_1289742.html","NDRC-提案答复函","提案答复函"
"关于政协十三届全国委员会第三次会议第4082号(经济发展类343号)提案答复的函","https://www.ndrc.gov.cn/xxgk/jianyitianfuwen/qgzxwytafwgk/202107/t20210708_1289743.html","NDRC-提案答复函","提案答复函"
"关于政协十三届全国委员会第三次会议第1279号(经济发展类088号)提案答复的函","https://www.ndrc.gov.cn/xxgk/jianyitianfuwen/qgzxwytafwgk/202107/t20210708_1289744.html","NDRC-提案答复函","提案答复函"
"关于政协十三届全国委员会第三次会议第4029号(经济发展类329号)提案答复的函","https://www.ndrc.gov.cn/xxgk/jianyitianfuwen/qgzxwytafwgk/202107/t20210708_1289747.html","NDRC-提案答复函","提案答复函"
"关于政协十三届全国委员会第三次会议第4050号(经济发展类333号)提案答复的函","https://www.ndrc.gov.cn/xxgk/jianyitianfuwen/qgzxwytafwgk/202107/t20210708_1289748.html","NDRC-提案答复函","提案答复函"
"关于政协十三届全国委员会第三次会议第3027号(经济发展类205号)提案答复的函","https://www.ndrc.gov.cn/xxgk/jianyitianfuwen/qgzxwytafwgk/202107/t20210708_1289751.html","NDRC-提案答复函","提案答复函"
"关于政协十三届全国委员会第三次会议第0304号(经济发展类025号)提案答复的函","https://www.ndrc.gov.cn/xxgk/jianyitianfuwen/qgzxwytafwgk/202107/t20210708_1289754.html","NDRC-提案答复函","提案答复函"
"对政协十三届全国委员会第三次会议第3006号(资源环境类155号)、1519号(资源环境类100号)、4162号(资源环境类263号)、3592号(经济发展类218号)、4677号(农业水利类295号)、4699号(资源环境类191号)提案答复的函","https://www.ndrc.gov.cn/xxgk/jianyitianfuwen/qgzxwytafwgk/202107/t20210708_1289756.html","NDRC-提案答复函","提案答复函"
"关于政协十三届全国委员会第三次会议第0880号(经济发展类086号)提案答复的函","https://www.ndrc.gov.cn/xxgk/jianyitianfuwen/qgzxwytafwgk/202107/t20210708_1289762.html","NDRC-提案答复函","提案答复函"
"关于政协第十三届全国委员会第三次会议第1865号(经济发展类122号)提案答复的函","https://www.ndrc.gov.cn/xxgk/jianyitianfuwen/qgzxwytafwgk/202107/t20210708_1289763.html","NDRC-提案答复函","提案答复函"
"关于政协十三届全国委员会第三次会议第3758号(经济发展类276号)提案答复的","https://www.ndrc.gov.cn/xxgk/jianyitianfuwen/qgzxwytafwgk/202107/t20210708_1289764.html","NDRC-提案答复函","提案答复函"
"关于政协十三届全国委员会第三次会议第3883号(经济发展类295号)提案答复的函","https://www.ndrc.gov.cn/xxgk/jianyitianfuwen/qgzxwytafwgk/202107/t20210708_1289766.html","NDRC-提案答复函","提案答复函"
"关于政协十三届全国委员会第三次会议第4753号(经济发展类263号)提案答复的函","https://www.ndrc.gov.cn/xxgk/jianyitianfuwen/qgzxwytafwgk/202107/t20210708_1289773.html","NDRC-提案答复函","提案答复函"
"关于政协十三届全国委员会第三次会议第3568号(商贸旅游类053号)提案答复的函","https://www.ndrc.gov.cn/xxgk/jianyitianfuwen/qgzxwytafwgk/202107/t20210708_1289774.html","NDRC-提案答复函","提案答复函"
"关于政协十三届全国委员会第三次会议第1407号(经济发展类098号)提案答复的函","https://www.ndrc.gov.cn/xxgk/jianyitianfuwen/qgzxwytafwgk/202107/t20210708_1289775.html","NDRC-提案答复函","提案答复函"
"关于政协十三届全国委员会第三次会议第3762号(农业水利类304号)提案答复的函","https://www.ndrc.gov.cn/xxgk/jianyitianfuwen/qgzxwytafwgk/202107/t20210708_1289776.html","NDRC-提案答复函","提案答复函"
"关于政协十三届全国委员会第三次会议第1494号(财税金融类148号)提案答复的函","https://www.ndrc.gov.cn/xxgk/jianyitianfuwen/qgzxwytafwgk/202107/t20210708_1289777.html","NDRC-提案答复函","提案答复函"
"关于政协十三届全国委员会第三次会议第3807号(资源环境类211号)提案答复的函","https://www.ndrc.gov.cn/xxgk/jianyitianfuwen/qgzxwytafwgk/202107/t20210708_1289778.html","NDRC-提案答复函","提案答复函"
"关于政协十三届全国委员会第三次会议第3920号(资源环境类228号)提案答复的函","https://www.ndrc.gov.cn/xxgk/jianyitianfuwen/qgzxwytafwgk/202107/t20210708_1289779.html","NDRC-提案答复函","提案答复函"
"关于政协十三届全国委员会第三次会议第2727号(资源环境类145号)提案答复的函","https://www.ndrc.gov.cn/xxgk/jianyitianfuwen/qgzxwytafwgk/202107/t20210708_1289780.html","NDRC-提案答复函","提案答复函"
"关于政协十三届全国委员会第三次会议第0606号(农林水利类071号)提案答复的函","https://www.ndrc.gov.cn/xxgk/jianyitianfuwen/qgzxwytafwgk/202107/t20210708_1289784.html","NDRC-提案答复函","提案答复函"
"关于政协十三届全国委员会第三次会议第4128号(资源环境类257号)提案答复的函","https://www.ndrc.gov.cn/xxgk/jianyitianfuwen/qgzxwytafwgk/202107/t20210708_1289785.html","NDRC-提案答复函","提案答复函"
"关于政协十三届全国委员会第三次会议第4937号(资源环境类280号)提案答复的函","https://www.ndrc.gov.cn/xxgk/jianyitianfuwen/qgzxwytafwgk/202107/t20210708_1289789.html","NDRC-提案答复函","提案答复函"
"关于政协十三届全国委员会第三次会议第2994号(资源环境类151号)提案答复的函","https://www.ndrc.gov.cn/xxgk/jianyitianfuwen/qgzxwytafwgk/202107/t20210708_1289790.html","NDRC-提案答复函","提案答复函"
"关于政协十三届全国委员会第三次会议第1574号(资源环境类109号)提案答复的函","https://www.ndrc.gov.cn/xxgk/jianyitianfuwen/qgzxwytafwgk/202107/t20210708_1289791.html","NDRC-提案答复函","提案答复函"
"关于政协十三届全国委员会第三次会议第4034号(经济发展类332号)提案答复的函","https://www.ndrc.gov.cn/xxgk/jianyitianfuwen/qgzxwytafwgk/202107/t20210708_1289794.html","NDRC-提案答复函","提案答复函"
"关于政协十三届全国委员会第三次会议第0096号(经济发展类012号)提案答复的函","https://www.ndrc.gov.cn/xxgk/jianyitianfuwen/qgzxwytafwgk/202107/t20210708_1289801.html","NDRC-提案答复函","提案答复函"
"关于政协十三届全国委员会第三次会议第1517号(工交邮电类178号)提案答复的函","https://www.ndrc.gov.cn/xxgk/jianyitianfuwen/qgzxwytafwgk/202107/t20210708_1289803.html","NDRC-提案答复函","提案答复函"
"关于政协十三届全国委员会第三次会议第4706号(政治法律类449号)提案答复的函","https://www.ndrc.gov.cn/xxgk/jianyitianfuwen/qgzxwytafwgk/202107/t20210708_1289805.html","NDRC-提案答复函","提案答复函"
"关于政协十三届全国委员会第三次会议第0070号(经济发展类007号)提案答复的函","https://www.ndrc.gov.cn/xxgk/jianyitianfuwen/qgzxwytafwgk/202107/t20210708_1289806.html","NDRC-提案答复函","提案答复函"
"关于政协十三届全国委员会第三次会议第2556号(经济发展类130号)提案答复的函","https://www.ndrc.gov.cn/xxgk/jianyitianfuwen/qgzxwytafwgk/202107/t20210708_1289807.html","NDRC-提案答复函","提案答复函"
"关于政协十三届全国委员会第三次会议第3971号(经济发展类316号)提案答复的函","https://www.ndrc.gov.cn/xxgk/jianyitianfuwen/qgzxwytafwgk/202107/t20210708_1289808.html","NDRC-提案答复函","提案答复函"
"关于政协十三届全国委员会第三次会议第3838号(工交邮电类385号)提案答复的函","https://www.ndrc.gov.cn/xxgk/jianyitianfuwen/qgzxwytafwgk/202107/t20210708_1289811.html","NDRC-提案答复函","提案答复函"
"关于政协十三届全国委员会第三次会议第3586号(资源环境类170号)提案答复的函","https://www.ndrc.gov.cn/xxgk/jianyitianfuwen/qgzxwytafwgk/202107/t20210708_1289812.html","NDRC-提案答复函","提案答复函"
"关于政协十三届全国委员会第三次会议第3604号(资源环境类172号)提案答复的函","https://www.ndrc.gov.cn/xxgk/jianyitianfuwen/qgzxwytafwgk/202107/t20210708_1289815.html","NDRC-提案答复函","提案答复函"
"关于政协十三届全国委员会第三次会议第0762号(城乡建设类026号)提案答复的函","https://www.ndrc.gov.cn/xxgk/jianyitianfuwen/qgzxwytafwgk/202107/t20210708_1289817.html","NDRC-提案答复函","提案答复函"
"关于政协十三届全国委员会第三次会议第4717号(经济发展类253号)提案答复的函","https://www.ndrc.gov.cn/xxgk/jianyitianfuwen/qgzxwytafwgk/202107/t20210708_1289833.html","NDRC-提案答复函","提案答复函"
"关于政协十三届全国委员会第三次会议第2653号(经济发展类161号)提案答复的函","https://www.ndrc.gov.cn/xxgk/jianyitianfuwen/qgzxwytafwgk/202107/t20210708_1289834.html","NDRC-提案答复函","提案答复函"
"关于政协十三届全国委员会第三次会议第4937号(资源环境类280号)提案答复的函","https://www.ndrc.gov.cn/xxgk/jianyitianfuwen/qgzxwytafwgk/202107/t20210708_1289835.html","NDRC-提案答复函","提案答复函"
"关于政协十三届全国委员会第三次会议第1520号(农业水利类172号)提案答复的函","https://www.ndrc.gov.cn/xxgk/jianyitianfuwen/qgzxwytafwgk/202107/t20210708_1289836.html","NDRC-提案答复函","提案答复函"
"关于政协十三届全国委员会第三次会议第0361号(经济发展类034号)提案答复的函","https://www.ndrc.gov.cn/xxgk/jianyitianfuwen/qgzxwytafwgk/202107/t20210708_1289837.html","NDRC-提案答复函","提案答复函"
"关于政协十三届全国委员会第三次会议第2860号(科学技术类154号)提案答复的函","https://www.ndrc.gov.cn/xxgk/jianyitianfuwen/qgzxwytafwgk/202107/t20210708_1289841.html","NDRC-提案答复函","提案答复函"
"关于政协十三届全国委员会第三次会议第1057号(教育类064号)提案答复的函","https://www.ndrc.gov.cn/xxgk/jianyitianfuwen/qgzxwytafwgk/202107/t20210708_1289842.html","NDRC-提案答复函","提案答复函"
"关于政协十三届全国委员会第三次会议第0091号(财税金融类019号)提案答复的函","https://www.ndrc.gov.cn/xxgk/jianyitianfuwen/qgzxwytafwgk/202107/t20210708_1289850.html","NDRC-提案答复函","提案答复函"
"关于政协十三届全国委员会第三次会议第4081号(经济发展类342号)提案答复的函","https://www.ndrc.gov.cn/xxgk/jianyitianfuwen/qgzxwytafwgk/202107/t20210708_1289851.html","NDRC-提案答复函","提案答复函"
"关于政协十三届全国委员会第三次会议第4368号(政治法律类470号)提案答复的函","https://www.ndrc.gov.cn/xxgk/jianyitianfuwen/qgzxwytafwgk/202107/t20210708_1289852.html","NDRC-提案答复函","提案答复函"
"关于政协十三届全国委员会第三次会议第4475号(科学技术类211号)提案答复的函","https://www.ndrc.gov.cn/xxgk/jianyitianfuwen/qgzxwytafwgk/202107/t20210708_1289853.html","NDRC-提案答复函","提案答复函"
"关于政协十三届全国委员会第三次会议第3886号(商贸旅游类093号)提案答复的函","https://www.ndrc.gov.cn/xxgk/jianyitianfuwen/qgzxwytafwgk/202107/t20210708_1289854.html","NDRC-提案答复函","提案答复函"
"关于政协十三届全国委员会第三次会议第4133号(工交邮电类457号)提案答复的函","https://www.ndrc.gov.cn/xxgk/jianyitianfuwen/qgzxwytafwgk/202107/t20210708_1289855.html","NDRC-提案答复函","提案答复函"
"关于政协十三届全国委员会第三次会议第1005号(政治法律类085号)提案答复的函","https://www.ndrc.gov.cn/xxgk/jianyitianfuwen/qgzxwytafwgk/202107/t20210708_1289856.html","NDRC-提案答复函","提案答复函"
"关于政协十三届全国委员会第三次会议第0286号(经济发展类021号)、1073号(政治法律类097号)、3408号(政治法律类434号)提案答复的函","https://www.ndrc.gov.cn/xxgk/jianyitianfuwen/qgzxwytafwgk/202107/t20210708_1289857.html","NDRC-提案答复函","提案答复函"
"关于政协十三届全国委员会第三次会议第1657号(经济发展类124号)提案答复的函","https://www.ndrc.gov.cn/xxgk/jianyitianfuwen/qgzxwytafwgk/202107/t20210708_1289858.html","NDRC-提案答复函","提案答复函"
"关于政协十三届全国委员会第三次会议第1277号(经济发展类087号)提案答复的函","https://www.ndrc.gov.cn/xxgk/jianyitianfuwen/qgzxwytafwgk/202107/t20210708_1289875.html","NDRC-提案答复函","提案答复函"
"关于政协十三届全国委员会第三次会议第1522号(经济发展类115号)提案答复的函","https://www.ndrc.gov.cn/xxgk/jianyitianfuwen/qgzxwytafwgk/202107/t20210708_1289876.html","NDRC-提案答复函","提案答复函"
"关于政协十三届全国委员会第三次会议第0366号(经济发展类037号)提案答复的函","https://www.ndrc.gov.cn/xxgk/jianyitianfuwen/qgzxwytafwgk/202107/t20210708_1289877.html","NDRC-提案答复函","提案答复函"
"关于政协十三届全国委员会第三次会议第2735号(经济发展类185号)提案答复的函","https://www.ndrc.gov.cn/xxgk/jianyitianfuwen/qgzxwytafwgk/202107/t20210708_1289878.html","NDRC-提案答复函","提案答复函"
"关于政协十三届全国委员会第三次会议第4069号(经济发展类336号)提案答复的函","https://www.ndrc.gov.cn/xxgk/jianyitianfuwen/qgzxwytafwgk/202107/t20210708_1289879.html","NDRC-提案答复函","提案答复函"
"关于政协十三届全国委员会第三次会议第1497号(资源环境类095号)提案答复的函","https://www.ndrc.gov.cn/xxgk/jianyitianfuwen/qgzxwytafwgk/202107/t20210708_1289880.html","NDRC-提案答复函","提案答复函"
"关于政协十三届全国委员会第三次会议第1654号(资源环境类116号)提案答复的函","https://www.ndrc.gov.cn/xxgk/jianyitianfuwen/qgzxwytafwgk/202107/t20210708_1289881.html","NDRC-提案答复函","提案答复函"
"关于政协十三届全国委员会第三次会议第0685号(资源环境类063号)提案答复的函","https://www.ndrc.gov.cn/xxgk/jianyitianfuwen/qgzxwytafwgk/202107/t20210708_1289882.html","NDRC-提案答复函","提案答复函"
"关于政协十三届全国委员会第三次会议第4002号(经济发展类324号)提案答复的函","https://www.ndrc.gov.cn/xxgk/jianyitianfuwen/qgzxwytafwgk/202107/t20210708_1289883.html","NDRC-提案答复函","提案答复函"
"关于政协十三届全国委员会第三次会议第4077号(经济发展类340号)提案答复的函","https://www.ndrc.gov.cn/xxgk/jianyitianfuwen/qgzxwytafwgk/202107/t20210708_1289884.html","NDRC-提案答复函","提案答复函"
"关于政协十三届全国委员会第三次会议第2670号(资源环境类136号)提案答复的函","https://www.ndrc.gov.cn/xxgk/jianyitianfuwen/qgzxwytafwgk/202107/t20210708_1289885.html","NDRC-提案答复函","提案答复函"
"关于政协十三届全国委员会第三次会议第5111号(经济发展类383号)提案答复的函","https://www.ndrc.gov.cn/xxgk/jianyitianfuwen/qgzxwytafwgk/202107/t20210708_1289886.html","NDRC-提案答复函","提案答复函"
"关于政协十三届全国委员会第三次会议第3947号(经济发展类309号)提案答复的函","https://www.ndrc.gov.cn/xxgk/jianyitianfuwen/qgzxwytafwgk/202107/t20210708_1289887.html","NDRC-提案答复函","提案答复函"
"关于政协十三届全国委员会第三次会议第4670号(经济发展类235号)提案答复的函","https://www.ndrc.gov.cn/xxgk/jianyitianfuwen/qgzxwytafwgk/202107/t20210708_1289888.html","NDRC-提案答复函","提案答复函"
"关于政协十三届全国委员会第三次会议第3759号(经济发展类277号)提案答复的函","https://www.ndrc.gov.cn/xxgk/jianyitianfuwen/qgzxwytafwgk/202107/t20210708_1289889.html","NDRC-提案答复函","提案答复函"
"关于政协十三届全国委员会第三次会议第3970号(经济发展类315号)提案答复的函","https://www.ndrc.gov.cn/xxgk/jianyitianfuwen/qgzxwytafwgk/202107/t20210708_1289890.html","NDRC-提案答复函","提案答复函"
"关于政协十三届全国委员会第三次会议第3944号(经济发展类308号)提案答复的函","https://www.ndrc.gov.cn/xxgk/jianyitianfuwen/qgzxwytafwgk/202107/t20210708_1289891.html","NDRC-提案答复函","提案答复函"
"关于政协十三届全国委员会第三次会议第5097号(政治法律类514号)提案答复的函","https://www.ndrc.gov.cn/xxgk/jianyitianfuwen/qgzxwytafwgk/202107/t20210708_1289892.html","NDRC-提案答复函","提案答复函"
"关于政协十三届全国委员会第三次会议第0255号(农业水利类026号)提案答复的函","https://www.ndrc.gov.cn/xxgk/jianyitianfuwen/qgzxwytafwgk/202107/t20210708_1289893.html","NDRC-提案答复函","提案答复函"
"关于政协十三届全国委员会第三次会议第2635号(经济发展类152号)提案答复的函","https://www.ndrc.gov.cn/xxgk/jianyitianfuwen/qgzxwytafwgk/202107/t20210708_1289894.html","NDRC-提案答复函","提案答复函"
"关于政协十三届全国委员会第三次会议第2991号(资源环境类150号)提案答复的函","https://www.ndrc.gov.cn/xxgk/jianyitianfuwen/qgzxwytafwgk/202107/t20210708_1289895.html","NDRC-提案答复函","提案答复函"
"关于政协十三届全国委员会第三次会议第3009号(经济发展类202号)提案答复的函","https://www.ndrc.gov.cn/xxgk/jianyitianfuwen/qgzxwytafwgk/202107/t20210708_1289896.html","NDRC-提案答复函","提案答复函"
"对政协十三届全国委员会第三次会议第4684号、0869号、3000号提案答复的函","https://www.ndrc.gov.cn/xxgk/jianyitianfuwen/qgzxwytafwgk/202107/t20210708_1289897.html","NDRC-提案答复函","提案答复函"
"关于政协十三届全国委员会第三次会议第2594号(经济发展类144号)提案答复的函","https://www.ndrc.gov.cn/xxgk/jianyitianfuwen/qgzxwytafwgk/202107/t20210708_1289898.html","NDRC-提案答复函","提案答复函"
"关于政协十三届全国委员会第三次会议第2657号(经济发展类163号)提案答复的函","https://www.ndrc.gov.cn/xxgk/jianyitianfuwen/qgzxwytafwgk/202107/t20210708_1289899.html","NDRC-提案答复函","提案答复函"
"关于政协十三届全国委员会第三次会议第2995号(资源环境类152号)提案答复的函","https://www.ndrc.gov.cn/xxgk/jianyitianfuwen/qgzxwytafwgk/202107/t20210708_1289900.html","NDRC-提案答复函","提案答复函"
"关于政协十三届全国委员会第三次会议第4676号(经济发展类239号)提案答复的函","https://www.ndrc.gov.cn/xxgk/jianyitianfuwen/qgzxwytafwgk/202107/t20210708_1289901.html","NDRC-提案答复函","提案答复函"
"关于政协十三届全国委员会第三次会议第2550号(资源环境类124号)提案答复的函","https://www.ndrc.gov.cn/xxgk/jianyitianfuwen/qgzxwytafwgk/202107/t20210708_1289902.html","NDRC-提案答复函","提案答复函"
"关于政协十三届全国委员会第三次会议第3855号(经济发展类291号)提案答复的函","https://www.ndrc.gov.cn/xxgk/jianyitianfuwen/qgzxwytafwgk/202107/t20210708_1289903.html","NDRC-提案答复函","提案答复函"
"关于政协十三届全国委员会第三次会议第2668号(资源环境类135号)提案答复的函","https://www.ndrc.gov.cn/xxgk/jianyitianfuwen/qgzxwytafwgk/202107/t20210708_1289904.html","NDRC-提案答复函","提案答复函"
"关于政协十三届全国委员会第三次会议第0052号(商贸旅游类002号)提案答复的函","https://www.ndrc.gov.cn/xxgk/jianyitianfuwen/qgzxwytafwgk/202107/t20210708_1289916.html","NDRC-提案答复函","提案答复函"
"关于政协十三届全国委员会第三次会议第0562号(资源环境类046号)提案答复的函","https://www.ndrc.gov.cn/xxgk/jianyitianfuwen/qgzxwytafwgk/202107/t20210708_1289917.html","NDRC-提案答复函","提案答复函"
"关于政协十三届全国委员会第三次会议第4080号(商贸旅游类105号)提案答复的函","https://www.ndrc.gov.cn/xxgk/jianyitianfuwen/qgzxwytafwgk/202107/t20210708_1289928.html","NDRC-提案答复函","提案答复函"
"关于政协十三届全国委员会第三次会议第2687号(经济发展类174号)提案答复的函","https://www.ndrc.gov.cn/xxgk/jianyitianfuwen/qgzxwytafwgk/202107/t20210708_1289929.html","NDRC-提案答复函","提案答复函"
"关于政协十三届全国委员会第三次会议第3854号(经济发展类290号)提案答复的函","https://www.ndrc.gov.cn/xxgk/jianyitianfuwen/qgzxwytafwgk/202107/t20210708_1289930.html","NDRC-提案答复函","提案答复函"
"关于政协十三届全国委员会第三次会议第4727号(资源环境类195号)提案答复的函","https://www.ndrc.gov.cn/xxgk/jianyitianfuwen/qgzxwytafwgk/202107/t20210708_1289931.html","NDRC-提案答复函","提案答复函"
"关于政协十三届全国委员会第三次会议第0567号(经济发展类053号)提案答复的函","https://www.ndrc.gov.cn/xxgk/jianyitianfuwen/qgzxwytafwgk/202107/t20210708_1289934.html","NDRC-提案答复函","提案答复函"
"关于政协十三届全国委员会第三次会议第1448号(财税金融类142号)提案答复的函","https://www.ndrc.gov.cn/xxgk/jianyitianfuwen/qgzxwytafwgk/202107/t20210708_1289944.html","NDRC-提案答复函","提案答复函"
"关于政协十三届全国委员会第三次会议第4211号(经济发展类362号)提案答复的函","https://www.ndrc.gov.cn/xxgk/jianyitianfuwen/qgzxwytafwgk/202107/t20210708_1289945.html","NDRC-提案答复函","提案答复函"
"关于政协十三届全国委员会第三次会议第3628号(资源环境类177号)提案答复的函","https://www.ndrc.gov.cn/xxgk/jianyitianfuwen/qgzxwytafwgk/202107/t20210708_1289946.html","NDRC-提案答复函","提案答复函"
"关于政协十三届全国委员会第三次会议第5129号(财税金融类347号)提案答复的函","https://www.ndrc.gov.cn/xxgk/jianyitianfuwen/qgzxwytafwgk/202107/t20210708_1289947.html","NDRC-提案答复函","提案答复函"
"关于政协十三届全国委员会第三次会议第3765号(资源环境类205号)提案答复的函","https://www.ndrc.gov.cn/xxgk/jianyitianfuwen/qgzxwytafwgk/202107/t20210708_1289948.html","NDRC-提案答复函","提案答复函"
"关于政协十三届全国委员会第三次会议第3315号(科学技术类181号)提案答复的函","https://www.ndrc.gov.cn/xxgk/jianyitianfuwen/qgzxwytafwgk/202107/t20210708_1289949.html","NDRC-提案答复函","提案答复函"
"关于政协十三届全国委员会第三次会议第4205号(经济发展类360号)提案答复的函","https://www.ndrc.gov.cn/xxgk/jianyitianfuwen/qgzxwytafwgk/202107/t20210708_1289950.html","NDRC-提案答复函","提案答复函"
"关于政协十三届全国委员会第三次会议第4202号(经济发展类358号)提案答复的函","https://www.ndrc.gov.cn/xxgk/jianyitianfuwen/qgzxwytafwgk/202107/t20210708_1289951.html","NDRC-提案答复函","提案答复函"
"关于政协十三届全国委员会第三次会议第4793号(资源环境类202号)提案答复的函","https://www.ndrc.gov.cn/xxgk/jianyitianfuwen/qgzxwytafwgk/202107/t20210708_1289952.html","NDRC-提案答复函","提案答复函"
"关于政协十三届全国委员会第三次会议第2685号(资源环境类139号)提案答复的函","https://www.ndrc.gov.cn/xxgk/jianyitianfuwen/qgzxwytafwgk/202107/t20210708_1289953.html","NDRC-提案答复函","提案答复函"
"关于政协十三届全国委员会第三次会议第4718号(资源环境类193号)提案答复的函","https://www.ndrc.gov.cn/xxgk/jianyitianfuwen/qgzxwytafwgk/202107/t20210708_1289954.html","NDRC-提案答复函","提案答复函"
"关于政协十三届全国委员会第三次会议第3624号(工交邮电类350号)提案答复的函","https://www.ndrc.gov.cn/xxgk/jianyitianfuwen/qgzxwytafwgk/202107/t20210708_1289964.html","NDRC-提案答复函","提案答复函"
"关于政协十三届全国委员会第三次会议第4796号(经济发展类274号)提案答复的函","https://www.ndrc.gov.cn/xxgk/jianyitianfuwen/qgzxwytafwgk/202107/t20210708_1289965.html","NDRC-提案答复函","提案答复函"
"关于政协十三届全国委员会第三次会议第2617号(工交邮电类270号)提案答复的函","https://www.ndrc.gov.cn/xxgk/jianyitianfuwen/qgzxwytafwgk/202107/t20210708_1289966.html","NDRC-提案答复函","提案答复函"
"关于政协十三届全国委员会第三次会议第3623号(资源环境类176号)提案答复的函","https://www.ndrc.gov.cn/xxgk/jianyitianfuwen/qgzxwytafwgk/202107/t20210708_1289969.html","NDRC-提案答复函","提案答复函"
"关于政协十三届全国委员会第三次会议第2592号(工交邮电类259号)提案答复的函","https://www.ndrc.gov.cn/xxgk/jianyitianfuwen/qgzxwytafwgk/202107/t20210708_1289970.html","NDRC-提案答复函","提案答复函"
"关于政协十三届全国委员会第三次会议第4757号(经济发展类264号)提案答复的函","https://www.ndrc.gov.cn/xxgk/jianyitianfuwen/qgzxwytafwgk/202107/t20210708_1289971.html","NDRC-提案答复函","提案答复函"
"关于政协十三届全国委员会第三次会议第4157号(资源环境类261号)提案答复的函","https://www.ndrc.gov.cn/xxgk/jianyitianfuwen/qgzxwytafwgk/202107/t20210708_1289972.html","NDRC-提案答复函","提案答复函"
"关于政协十三届全国委员会第三次会议第4216号(工交邮电类481号)提案答复的函","https://www.ndrc.gov.cn/xxgk/jianyitianfuwen/qgzxwytafwgk/202107/t20210708_1289973.html","NDRC-提案答复函","提案答复函"
"关于政协十三届全国委员会第三次会议第3431号(经济发展类211号)提案答复的函","https://www.ndrc.gov.cn/xxgk/jianyitianfuwen/qgzxwytafwgk/202107/t20210708_1289974.html","NDRC-提案答复函","提案答复函"
"关于政协十三届全国委​员会第三次会议第3857号(商贸旅游类091号)提案答复的函","https://www.ndrc.gov.cn/xxgk/jianyitianfuwen/qgzxwytafwgk/202107/t20210708_1289976.html","NDRC-提案答复函","提案答复函"
"关于政协十三届全国委员会第三次会议第1568号(财税金融类167号)提案答复的函","https://www.ndrc.gov.cn/xxgk/jianyitianfuwen/qgzxwytafwgk/202107/t20210708_1289979.html","NDRC-提案答复函","提案答复函"
"关于政协十三届全国委员会第三次会议第4174号关于政协十三届全国委员会第三次会议第4174号 (商贸旅游类113号)提案答复的函","https://www.ndrc.gov.cn/xxgk/jianyitianfuwen/qgzxwytafwgk/202107/t20210708_1289981.html","NDRC-提案答复函","提案答复函"
"关于政协十三届全国委员会第三次会议第1620号(工交邮电类205号)提案答复的函","https://www.ndrc.gov.cn/xxgk/jianyitianfuwen/qgzxwytafwgk/202107/t20210708_1289982.html","NDRC-提案答复函","提案答复函"
"对政协十三届全国委员会第三次会议第0263号(财税金融类037号)、1710号(财税金融类207号)、3978号(经济发展类318号)提案答复的函","https://www.ndrc.gov.cn/xxgk/jianyitianfuwen/qgzxwytafwgk/202107/t20210708_1290010.html","NDRC-提案答复函","提案答复函"
"关于政协十三届全国委员会第三次会议第0516号(经济发展类041号)提案答复的函","https://www.ndrc.gov.cn/xxgk/jianyitianfuwen/qgzxwytafwgk/202107/t20210708_1290011.html","NDRC-提案答复函","提案答复函"
"关于政协十三届全国委员会第三次会议第3581号(经济发展类216号)提案答复的函","https://www.ndrc.gov.cn/xxgk/jianyitianfuwen/qgzxwytafwgk/202107/t20210708_1290012.html","NDRC-提案答复函","提案答复函"
"关于政协十三届全国委员会第三次会议第3494号(政治法律类442号)提案答复的函","https://www.ndrc.gov.cn/xxgk/jianyitianfuwen/qgzxwytafwgk/202107/t20210708_1290013.html","NDRC-提案答复函","提案答复函"
"关于政协十三届全国委员会第三次会议第3538号(文化宣传类223号)提案答复的函","https://www.ndrc.gov.cn/xxgk/jianyitianfuwen/qgzxwytafwgk/202107/t20210708_1290014.html","NDRC-提案答复函","提案答复函"
"关于政协十三届全国委员会第三次会议第4827号(社会管理类346号)提案答复的函","https://www.ndrc.gov.cn/xxgk/jianyitianfuwen/qgzxwytafwgk/202107/t20210708_1290017.html","NDRC-提案答复函","提案答复函"
"关于政协十三届全国委员会第三次会议第3597号(农业水利类283号)提案答复的函","https://www.ndrc.gov.cn/xxgk/jianyitianfuwen/qgzxwytafwgk/202107/t20210708_1290042.html","NDRC-提案答复函","提案答复函"
"关于政协十三届全国委员会第三次会议第0840号(农业水利类128号)提案答复的函","https://www.ndrc.gov.cn/xxgk/jianyitianfuwen/qgzxwytafwgk/202107/t20210708_1290055.html","NDRC-提案答复函","提案答复函"
"关于政协十三届全国委员会第三次会议第0882号(农业水利类140号)提案答复的函","https://www.ndrc.gov.cn/xxgk/jianyitianfuwen/qgzxwytafwgk/202107/t20210708_1290056.html","NDRC-提案答复函","提案答复函"
"关于政协十三届全国委员会第四次会议第1715号(经济发展类223号)提案答复的函","https://www.ndrc.gov.cn/xxgk/jianyitianfuwen/qgzxwytafwgk/202112/t20211209_1307233.html","NDRC-提案答复函","提案答复函"
"关于政协十三届全国委员会第四次会议第2003号(经济发展类263号)提案答复的函","https://www.ndrc.gov.cn/xxgk/jianyitianfuwen/qgzxwytafwgk/202112/t20211209_1307248.html","NDRC-提案答复函","提案答复函"
"关于政协十三届全国委员会第四次会议第1874号(经济发展类244号)提案答复的函","https://www.ndrc.gov.cn/xxgk/jianyitianfuwen/qgzxwytafwgk/202112/t20211209_1307250.html","NDRC-提案答复函","提案答复函"
"关于政协十三届全国委员会第四次会议第2381号(经济发展类320号)提案答复的函","https://www.ndrc.gov.cn/xxgk/jianyitianfuwen/qgzxwytafwgk/202112/t20211209_1307312.html","NDRC-提案答复函","提案答复函"
"关于政协十三届全国委员会第四次会议第0952号(经济发展类102号)提案答复的函","https://www.ndrc.gov.cn/xxgk/jianyitianfuwen/qgzxwytafwgk/202112/t20211210_1307385.html","NDRC-提案答复函","提案答复函"
"关于政协十三届全国委员会第四次会议第1785号(经济发展类231号)提案答复的函","https://www.ndrc.gov.cn/xxgk/jianyitianfuwen/qgzxwytafwgk/202112/t20211210_1307386.html","NDRC-提案答复函","提案答复函"
"关于政协十三届全国委员会第四次会议第2569号(经济发展类356号)提案答复的函","https://www.ndrc.gov.cn/xxgk/jianyitianfuwen/qgzxwytafwgk/202112/t20211213_1307495.html","NDRC-提案答复函","提案答复函"
"关于政协十三届全国委员会第四次会议第1954号(经济发展类256号)提案答复的函","https://www.ndrc.gov.cn/xxgk/jianyitianfuwen/qgzxwytafwgk/202112/t20211213_1307502.html","NDRC-提案答复函","提案答复函"
"关于政协十三届全国委员会第四次会议第1542号(商贸旅游类061号)提案答复的函","https://www.ndrc.gov.cn/xxgk/jianyitianfuwen/qgzxwytafwgk/202112/t20211213_1307506.html","NDRC-提案答复函","提案答复函"
"关于政协十三届全国委员会第四次会议第0392号(财税金融类044号)提案答复的函","https://www.ndrc.gov.cn/xxgk/jianyitianfuwen/qgzxwytafwgk/202112/t20211213_1307510.html","NDRC-提案答复函","提案答复函"
"关于政协十三届全国委员会第四次会议第0469号(经济发展类046号)提案答复的函","https://www.ndrc.gov.cn/xxgk/jianyitianfuwen/qgzxwytafwgk/202112/t20211213_1307527.html","NDRC-提案答复函","提案答复函"
"关于政协十三届全国委员会第四次会议第2157号(经济发展类281号)提案答复的函","https://www.ndrc.gov.cn/xxgk/jianyitianfuwen/qgzxwytafwgk/202112/t20211213_1307528.html","NDRC-提案答复函","提案答复函"
"关于政协十三届全国委员会第四次会议第4492号(科学技术类217号)提案答复的函","https://www.ndrc.gov.cn/xxgk/jianyitianfuwen/qgzxwytafwgk/202112/t20211213_1307529.html","NDRC-提案答复函","提案答复函"
"关于政协十三届全国委员会第四次会议第0385号(经济发展类027号)提案答复的函","https://www.ndrc.gov.cn/xxgk/jianyitianfuwen/qgzxwytafwgk/202112/t20211213_1307550.html","NDRC-提案答复函","提案答复函"
"关于政协十三届全国委员会第四次会议第0395号(经济发展类030号)提案答复的函","https://www.ndrc.gov.cn/xxgk/jianyitianfuwen/qgzxwytafwgk/202112/t20211213_1307551.html","NDRC-提案答复函","提案答复函"
"关于政协十三届全国委员会第四次会议第0980号(经济发展类104号)提案答复的函","https://www.ndrc.gov.cn/xxgk/jianyitianfuwen/qgzxwytafwgk/202112/t20211213_1307552.html","NDRC-提案答复函","提案答复函"
"关于政协十三届全国委员会第四次会议第0999号(经济发展类106号)提案答复的函","https://www.ndrc.gov.cn/xxgk/jianyitianfuwen/qgzxwytafwgk/202112/t20211213_1307553.html","NDRC-提案答复函","提案答复函"
"关于政协十三届全国委员会第四次会议第1003号(经济发展类107号)提案答复的函","https://www.ndrc.gov.cn/xxgk/jianyitianfuwen/qgzxwytafwgk/202112/t20211213_1307555.html","NDRC-提案答复函","提案答复函"
"关于政协十三届全国委员会第四次会议第1491号(工交邮电类230号)提案答复的函","https://www.ndrc.gov.cn/xxgk/jianyitianfuwen/qgzxwytafwgk/202112/t20211213_1307556.html","NDRC-提案答复函","提案答复函"
"关于政协十三届全国委员会第四次会议第2473号(经济发展类338号)提案答复的函","https://www.ndrc.gov.cn/xxgk/jianyitianfuwen/qgzxwytafwgk/202112/t20211213_1307557.html","NDRC-提案答复函","提案答复函"
"关于政协十三届全国委员会第四次会议第0337号(社会管理类043号)提案答复的函","https://www.ndrc.gov.cn/xxgk/jianyitianfuwen/qgzxwytafwgk/202112/t20211213_1307631.html","NDRC-提案答复函","提案答复函"
"关于政协十三届全国委员会第四次会议第0543号(经济发展类050号)提案答复的函","https://www.ndrc.gov.cn/xxgk/jianyitianfuwen/qgzxwytafwgk/202112/t20211213_1307632.html","NDRC-提案答复函","提案答复函"
"关于政协十三届全国委员会第四次会议第1492号(经济发展类189号)提案答复的函","https://www.ndrc.gov.cn/xxgk/jianyitianfuwen/qgzxwytafwgk/202112/t20211213_1307633.html","NDRC-提案答复函","提案答复函"
"关于政协十三届全国委员会第四次会议第2010号(财税金融类220号)提案答复的函","https://www.ndrc.gov.cn/xxgk/jianyitianfuwen/qgzxwytafwgk/202112/t20211213_1307636.html","NDRC-提案答复函","提案答复函"
"关于政协十三届全国委员会第四次会议第2646号(政治法律类071号)提案答复的函","https://www.ndrc.gov.cn/xxgk/jianyitianfuwen/qgzxwytafwgk/202112/t20211213_1307639.html","NDRC-提案答复函","提案答复函"
"关于政协十三届全国委员会第四次会议第3923号(政治法律类248号)提案答复的函","https://www.ndrc.gov.cn/xxgk/jianyitianfuwen/qgzxwytafwgk/202112/t20211213_1307641.html","NDRC-提案答复函","提案答复函"
"关于政协十三届全国委员会第四次会议第4933号(经济发展类374号)提案答复的函","https://www.ndrc.gov.cn/xxgk/jianyitianfuwen/qgzxwytafwgk/202112/t20211213_1307643.html","NDRC-提案答复函","提案答复函"
"关于政协十三届全国委员会第四次会议第1010号(资源环境类106号)提案答复的函","https://www.ndrc.gov.cn/xxgk/jianyitianfuwen/qgzxwytafwgk/202112/t20211214_1307713.html","NDRC-提案答复函","提案答复函"
"关于政协十三届全国委员会第四次会议第4894号(农业水利类462号)提案答复的函","https://www.ndrc.gov.cn/xxgk/jianyitianfuwen/qgzxwytafwgk/202112/t20211214_1307714.html","NDRC-提案答复函","提案答复函"
"关于政协十三届全国委员会第四次会议第0094号(财税金融类029号)提案答复的函","https://www.ndrc.gov.cn/xxgk/jianyitianfuwen/qgzxwytafwgk/202112/t20211214_1307732.html","NDRC-提案答复函","提案答复函"
"关于政协十三届全国委员会第四次会议第0133号(经济发展类003号)提案答复的函","https://www.ndrc.gov.cn/xxgk/jianyitianfuwen/qgzxwytafwgk/202112/t20211214_1307733.html","NDRC-提案答复函","提案答复函"
"关于政协十三届全国委员会第四次会议第0393号(财税金融类045号)提案答复的函","https://www.ndrc.gov.cn/xxgk/jianyitianfuwen/qgzxwytafwgk/202112/t20211214_1307734.html","NDRC-提案答复函","提案答复函"
"关于政协十三届全国委员会第四次会议第0880号(财税金融类069号)提案答复的函","https://www.ndrc.gov.cn/xxgk/jianyitianfuwen/qgzxwytafwgk/202112/t20211214_1307735.html","NDRC-提案答复函","提案答复函"
"关于政协十三届全国委员会第四次会议第1576号、B101号、B116号提案答复的函","https://www.ndrc.gov.cn/xxgk/jianyitianfuwen/qgzxwytafwgk/202112/t20211214_1307736.html","NDRC-提案答复函","提案答复函"
"关于政协十三届全国委员会第四次会议第3555号(政治法律类203号)提案答复的函","https://www.ndrc.gov.cn/xxgk/jianyitianfuwen/qgzxwytafwgk/202112/t20211214_1307737.html","NDRC-提案答复函","提案答复函"
"关于政协十三届全国委员会第四次会议第4144号(政治法律类287号)、0389号(财税金融类043号)提案答复的函","https://www.ndrc.gov.cn/xxgk/jianyitianfuwen/qgzxwytafwgk/202112/t20211214_1307738.html","NDRC-提案答复函","提案答复函"
"关于政协十三届全国委员会第四次会议第0864号(财税金融类065号)提案答复的函","https://www.ndrc.gov.cn/xxgk/jianyitianfuwen/qgzxwytafwgk/202112/t20211214_1307739.html","NDRC-提案答复函","提案答复函"
"关于政协十三届全国委员会第四次会议第2224号(财税金融类253号)提案答复的函","https://www.ndrc.gov.cn/xxgk/jianyitianfuwen/qgzxwytafwgk/202112/t20211214_1307740.html","NDRC-提案答复函","提案答复函"
"关于政协十三届全国委员会第四次会议第4268号(社会管理类339号)提案答复的函","https://www.ndrc.gov.cn/xxgk/jianyitianfuwen/qgzxwytafwgk/202112/t20211214_1307741.html","NDRC-提案答复函","提案答复函"
"关于政协十三届全国委员会第四次会议第0230号(经济发展类026号)提案答复的函","https://www.ndrc.gov.cn/xxgk/jianyitianfuwen/qgzxwytafwgk/202112/t20211215_1307919.html","NDRC-提案答复函","提案答复函"
"关于政协十三届全国委员会第四次会议第0424号、0644号、B023号、1013号、B069号提案答复的函","https://www.ndrc.gov.cn/xxgk/jianyitianfuwen/qgzxwytafwgk/202112/t20211215_1307920.html","NDRC-提案答复函","提案答复函"
"关于政协十三届全国委员会第四次会议第1482号(经济发展类188号)提案答复的函","https://www.ndrc.gov.cn/xxgk/jianyitianfuwen/qgzxwytafwgk/202112/t20211215_1307921.html","NDRC-提案答复函","提案答复函"
"关于政协十三届全国委员会第四次会议第1726号(农业水利类277号)提案答复的函","https://www.ndrc.gov.cn/xxgk/jianyitianfuwen/qgzxwytafwgk/202112/t20211215_1307922.html","NDRC-提案答复函","提案答复函"
"关于政协十三届全国委员会第四次会议第4827号(资源环境类310号)提案答复的函","https://www.ndrc.gov.cn/xxgk/jianyitianfuwen/qgzxwytafwgk/202112/t20211215_1307923.html","NDRC-提案答复函","提案答复函"
"关于政协十三届全国委员会第四次会议第4996号(经济发展类381号)提案答复的函","https://www.ndrc.gov.cn/xxgk/jianyitianfuwen/qgzxwytafwgk/202112/t20211215_1307924.html","NDRC-提案答复函","提案答复函"
"关于政协十三届全国委员会第四次会议第4900号(资源环境类324号)提案答复的函","https://www.ndrc.gov.cn/xxgk/jianyitianfuwen/qgzxwytafwgk/202112/t20211215_1307925.html","NDRC-提案答复函","提案答复函"
"关于政协十三届全国委员会第四次会议第1665号(农业水利类262号)提案答复的函","https://www.ndrc.gov.cn/xxgk/jianyitianfuwen/qgzxwytafwgk/202112/t20211215_1307926.html","NDRC-提案答复函","提案答复函"
"关于政协十三届全国委员会第四次会议第0870号、B037号提案答复的函","https://www.ndrc.gov.cn/xxgk/jianyitianfuwen/qgzxwytafwgk/202112/t20211216_1308004.html","NDRC-提案答复函","提案答复函"
"关于政协十三届全国委员会第四次会议第2163号(经济发展类283号)提案答复的函","https://www.ndrc.gov.cn/xxgk/jianyitianfuwen/qgzxwytafwgk/202112/t20211216_1308007.html","NDRC-提案答复函","提案答复函"
"关于政协十三届全国委员会第四次会议第0397号(工交邮电类022号)提案答复的函","https://www.ndrc.gov.cn/xxgk/jianyitianfuwen/qgzxwytafwgk/202112/t20211217_1308334.html","NDRC-提案答复函","提案答复函"
"关于政协十三届全国委员会第四次会议第0416号(工交邮电类029号)提案答复的函","https://www.ndrc.gov.cn/xxgk/jianyitianfuwen/qgzxwytafwgk/202112/t20211217_1308340.html","NDRC-提案答复函","提案答复函"
"关于政协十三届全国委员会第四次会议第0451号(商贸旅游类013号)提案答复的函","https://www.ndrc.gov.cn/xxgk/jianyitianfuwen/qgzxwytafwgk/202112/t20211217_1308341.html","NDRC-提案答复函","提案答复函"
"关于政协十三届全国委员会第四次会议第1007号(经济发展类108号)提案答复的函","https://www.ndrc.gov.cn/xxgk/jianyitianfuwen/qgzxwytafwgk/202112/t20211217_1308350.html","NDRC-提案答复函","提案答复函"
"关于政协十三届全国委员会第四次会议第1084号(工交邮电类122号)提案答复的函","https://www.ndrc.gov.cn/xxgk/jianyitianfuwen/qgzxwytafwgk/202112/t20211217_1308351.html","NDRC-提案答复函","提案答复函"
"关于政协十三届全国委员会第四次会议第2513号(工交邮电类493号)提案答复的函","https://www.ndrc.gov.cn/xxgk/jianyitianfuwen/qgzxwytafwgk/202112/t20211217_1308353.html","NDRC-提案答复函","提案答复函"
"关于政协十三届全国委员会第四次会议第0558号(工交邮电类045号)提案答复的函","https://www.ndrc.gov.cn/xxgk/jianyitianfuwen/qgzxwytafwgk/202112/t20211217_1308357.html","NDRC-提案答复函","提案答复函"
"关于政协十三届全国委员会第四次会议第1037号、B139号提案答复的函","https://www.ndrc.gov.cn/xxgk/jianyitianfuwen/qgzxwytafwgk/202112/t20211217_1308358.html","NDRC-提案答复函","提案答复函"
"关于政协十三届全国委员会第四次会议第2192号(经济发展类288号)提案答复的函","https://www.ndrc.gov.cn/xxgk/jianyitianfuwen/qgzxwytafwgk/202112/t20211217_1308360.html","NDRC-提案答复函","提案答复函"
"关于政协十三届全国委员会第四次会议第0863号(资源环境类085号)提案答复的函","https://www.ndrc.gov.cn/xxgk/jianyitianfuwen/qgzxwytafwgk/202112/t20211217_1308361.html","NDRC-提案答复函","提案答复函"
"关于政协十三届全国委员会第四次会议第2408号(经济发展类327号)提案答复的函","https://www.ndrc.gov.cn/xxgk/jianyitianfuwen/qgzxwytafwgk/202112/t20211217_1308363.html","NDRC-提案答复函","提案答复函"
"关于政协十三届全国委员会第四次会议第3642号(医疗体育类329号)提案答复的函","https://www.ndrc.gov.cn/xxgk/jianyitianfuwen/qgzxwytafwgk/202112/t20211217_1308364.html","NDRC-提案答复函","提案答复函"
"关于政协十三届全国委员会第四次会议第4810号(资源环境类308号)提案答复的函","https://www.ndrc.gov.cn/xxgk/jianyitianfuwen/qgzxwytafwgk/202112/t20211217_1308367.html","NDRC-提案答复函","提案答复函"
"关于政协十三届全国委员会第四次会议第1153号、B087号提案答复的函","https://www.ndrc.gov.cn/xxgk/jianyitianfuwen/qgzxwytafwgk/202112/t20211220_1308575.html","NDRC-提案答复函","提案答复函"
"关于政协十三届全国委员会第四次会议第0633号(经济发展类070号)提案答复的函","https://www.ndrc.gov.cn/xxgk/jianyitianfuwen/qgzxwytafwgk/202112/t20211220_1308634.html","NDRC-提案答复函","提案答复函"
"关于政协十三届全国委员会第四次会议第1786号(农业水利类294号)提案答复的函","https://www.ndrc.gov.cn/xxgk/jianyitianfuwen/qgzxwytafwgk/202112/t20211220_1308635.html","NDRC-提案答复函","提案答复函"
"关于政协十三届全国委员会第四次会议第2247号(经济发展类297号)提案答复的函","https://www.ndrc.gov.cn/xxgk/jianyitianfuwen/qgzxwytafwgk/202112/t20211220_1308636.html","NDRC-提案答复函","提案答复函"
"关于政协十三届全国委员会第四次会议第0004号(经济发展类001号)提案答复的函","https://www.ndrc.gov.cn/xxgk/jianyitianfuwen/qgzxwytafwgk/202112/t20211220_1308647.html","NDRC-提案答复函","提案答复函"
"关于政协十三届全国委员会第四次会议第1108号(经济发展类132号)提案答复的函","https://www.ndrc.gov.cn/xxgk/jianyitianfuwen/qgzxwytafwgk/202112/t20211220_1308648.html","NDRC-提案答复函","提案答复函"
"关于政协十三届全国委员会第四次会议第0148号(经济发展类008号)提案答复的函","https://www.ndrc.gov.cn/xxgk/jianyitianfuwen/qgzxwytafwgk/202112/t20211220_1308660.html","NDRC-提案答复函","提案答复函"
"关于政协十三届全国委员会第四次会议第0197号(资源环境类020号)提案答复的函","https://www.ndrc.gov.cn/xxgk/jianyitianfuwen/qgzxwytafwgk/202112/t20211220_1308661.html","NDRC-提案答复函","提案答复函"
"关于政协十三届全国委员会第四次会议第0875号(经济发展类089号)提案答复的函","https://www.ndrc.gov.cn/xxgk/jianyitianfuwen/qgzxwytafwgk/202112/t20211220_1308662.html","NDRC-提案答复函","提案答复函"
"关于政协十三届全国委员会第四次会议第1023号(经济发展类111号)提案答复的函","https://www.ndrc.gov.cn/xxgk/jianyitianfuwen/qgzxwytafwgk/202112/t20211220_1308663.html","NDRC-提案答复函","提案答复函"
"关于政协十三届全国委员会第四次会议第1088号(经济发展类125号)提案答复的函","https://www.ndrc.gov.cn/xxgk/jianyitianfuwen/qgzxwytafwgk/202112/t20211220_1308664.html","NDRC-提案答复函","提案答复函"
"关于政协十三届全国委员会第四次会议第1091号(经济发展类126号)提案答复的函","https://www.ndrc.gov.cn/xxgk/jianyitianfuwen/qgzxwytafwgk/202112/t20211220_1308665.html","NDRC-提案答复函","提案答复函"
"关于政协十三届全国委员会第四次会议第1124号(经济发展类133号)提案答复的函","https://www.ndrc.gov.cn/xxgk/jianyitianfuwen/qgzxwytafwgk/202112/t20211220_1308666.html","NDRC-提案答复函","提案答复函"
"关于政协十三届全国委员会第四次会议第1414号(经济发展类174号)提案答复的函","https://www.ndrc.gov.cn/xxgk/jianyitianfuwen/qgzxwytafwgk/202112/t20211220_1308667.html","NDRC-提案答复函","提案答复函"
"关于政协十三届全国委员会第四次会议第1593号(经济发展类202号)提案答复的函","https://www.ndrc.gov.cn/xxgk/jianyitianfuwen/qgzxwytafwgk/202112/t20211220_1308668.html","NDRC-提案答复函","提案答复函"
"关于政协十三届全国委员会第四次会议第1911号(工交邮电类344号)提案答复的函","https://www.ndrc.gov.cn/xxgk/jianyitianfuwen/qgzxwytafwgk/202112/t20211220_1308669.html","NDRC-提案答复函","提案答复函"
"关于政协十三届全国委员会第四次会议第2450号(经济发展类335号)提案答复的函","https://www.ndrc.gov.cn/xxgk/jianyitianfuwen/qgzxwytafwgk/202112/t20211220_1308670.html","NDRC-提案答复函","提案答复函"
"关于政协十三届全国委员会第四次会议第4784号(经济发展类362号)提案答复的函","https://www.ndrc.gov.cn/xxgk/jianyitianfuwen/qgzxwytafwgk/202112/t20211220_1308671.html","NDRC-提案答复函","提案答复函"
"关于政协十三届全国委员会第四次会议第4817号(工交邮电类525号)提案答复的函","https://www.ndrc.gov.cn/xxgk/jianyitianfuwen/qgzxwytafwgk/202112/t20211220_1308672.html","NDRC-提案答复函","提案答复函"
"关于政协十三届全国委员会第四次会议第4821号(经济发展类240号)提案答复的函","https://www.ndrc.gov.cn/xxgk/jianyitianfuwen/qgzxwytafwgk/202112/t20211220_1308673.html","NDRC-提案答复函","提案答复函"
"关于政协十三届全国委员会第四次会议第4888号(经济发展类367号)提案答复的函","https://www.ndrc.gov.cn/xxgk/jianyitianfuwen/qgzxwytafwgk/202112/t20211220_1308674.html","NDRC-提案答复函","提案答复函"
"关于政协十三届全国委员会第四次会议第5057号(工交邮电类550号)提案答复的函","https://www.ndrc.gov.cn/xxgk/jianyitianfuwen/qgzxwytafwgk/202112/t20211220_1308675.html","NDRC-提案答复函","提案答复函"
"关于政协十三届全国委员会第四次会议第0562号(工交邮电类048号)提案答复的函","https://www.ndrc.gov.cn/xxgk/jianyitianfuwen/qgzxwytafwgk/202112/t20211227_1309899.html","NDRC-提案答复函","提案答复函"
"关于政协十三届全国委员会第四次会议第2155号(资源环境类238号)提案答复的函","https://www.ndrc.gov.cn/xxgk/jianyitianfuwen/qgzxwytafwgk/202112/t20211227_1309900.html","NDRC-提案答复函","提案答复函"
"关于政协十三届全国委员会第四次会议第4829号(资源环境类312号)提案答复的函","https://www.ndrc.gov.cn/xxgk/jianyitianfuwen/qgzxwytafwgk/202112/t20211227_1309901.html","NDRC-提案答复函","提案答复函"
"关于政协十三届全国委员会第四次会议第4841号(资源环境类315号)提案答复的函","https://www.ndrc.gov.cn/xxgk/jianyitianfuwen/qgzxwytafwgk/202112/t20211227_1309911.html","NDRC-提案答复函","提案答复函"
"关于政协十三届全国委员会第五次会议第03410号(经济发展类237号)提案答复的函","https://www.ndrc.gov.cn/xxgk/jianyitianfuwen/qgzxwytafwgk/202301/t20230111_1346307.html","NDRC-提案答复函","提案答复函"
"关于政协十三届全国委员会第五次会议第02614号(经济发展类164号)提案答复的函","https://www.ndrc.gov.cn/xxgk/jianyitianfuwen/qgzxwytafwgk/202301/t20230111_1346308.html","NDRC-提案答复函","提案答复函"
"关于政协十三届全国委员会第五次会议第02696号(经济发展类166号)提案答复的函","https://www.ndrc.gov.cn/xxgk/jianyitianfuwen/qgzxwytafwgk/202301/t20230111_1346309.html","NDRC-提案答复函","提案答复函"
"关于政协十三届全国委员会第五次会议第04994号(工交邮电类543号)提案答复的函","https://www.ndrc.gov.cn/xxgk/jianyitianfuwen/qgzxwytafwgk/202301/t20230111_1346310.html","NDRC-提案答复函","提案答复函"
"关于政协十三届全国委员会第五次会议第02505号(商贸监管类106号)提案答复的函","https://www.ndrc.gov.cn/xxgk/jianyitianfuwen/qgzxwytafwgk/202301/t20230111_1346311.html","NDRC-提案答复函","提案答复函"
"关于政协十三届全国委员会第五次会议第02622号(商贸监管类110号)提案答复的函","https://www.ndrc.gov.cn/xxgk/jianyitianfuwen/qgzxwytafwgk/202301/t20230111_1346312.html","NDRC-提案答复函","提案答复函"
"关于政协十三届全国委员会第五次会议第03012号(经济发展类198号)提案答复的函","https://www.ndrc.gov.cn/xxgk/jianyitianfuwen/qgzxwytafwgk/202301/t20230111_1346313.html","NDRC-提案答复函","提案答复函"
"关于政协十三届全国委员会第五次会议第03099号(商贸监管类132号)提案答复的函","https://www.ndrc.gov.cn/xxgk/jianyitianfuwen/qgzxwytafwgk/202301/t20230111_1346314.html","NDRC-提案答复函","提案答复函"
"关于政协十三届全国委员会第五次会议第03480号(商贸监管类147号)提案答复的函","https://www.ndrc.gov.cn/xxgk/jianyitianfuwen/qgzxwytafwgk/202301/t20230111_1346315.html","NDRC-提案答复函","提案答复函"
"关于政协十三届全国委员会第五次会议第03982号(经济发展类287号)提案答复的函","https://www.ndrc.gov.cn/xxgk/jianyitianfuwen/qgzxwytafwgk/202301/t20230111_1346316.html","NDRC-提案答复函","提案答复函"
"关于政协十三届全国委员会第五次会议第04692号(财税金融类317号)提案答复的函","https://www.ndrc.gov.cn/xxgk/jianyitianfuwen/qgzxwytafwgk/202301/t20230111_1346317.html","NDRC-提案答复函","提案答复函"
"关于政协十三届全国委员会第五次会议第03934号(经济发展类278号)提案答复的函","https://www.ndrc.gov.cn/xxgk/jianyitianfuwen/qgzxwytafwgk/202301/t20230112_1346375.html","NDRC-提案答复函","提案答复函"
"关于政协十三届全国委员会第五次会议第00900号(工交邮电类116号)提案答复的函","https://www.ndrc.gov.cn/xxgk/jianyitianfuwen/qgzxwytafwgk/202301/t20230112_1346379.html","NDRC-提案答复函","提案答复函"
"关于政协十三届全国委员会第五次会议第01404号(工交邮电类181号)提案答复的函","https://www.ndrc.gov.cn/xxgk/jianyitianfuwen/qgzxwytafwgk/202301/t20230112_1346380.html","NDRC-提案答复函","提案答复函"
"关于政协十三届全国委员会第五次会议第02711号(经济发展类168号)提案答复的函","https://www.ndrc.gov.cn/xxgk/jianyitianfuwen/qgzxwytafwgk/202301/t20230112_1346381.html","NDRC-提案答复函","提案答复函"
"关于政协十三届全国委员会第五次会议第03039号(经济发展类201号)提案答复的函","https://www.ndrc.gov.cn/xxgk/jianyitianfuwen/qgzxwytafwgk/202301/t20230112_1346382.html","NDRC-提案答复函","提案答复函"
"关于政协十三届全国委员会第五次会议第01710号、04234号提案答复的函","https://www.ndrc.gov.cn/xxgk/jianyitianfuwen/qgzxwytafwgk/202301/t20230112_1346384.html","NDRC-提案答复函","提案答复函"
"关于政协十三届全国委员会第五次会议第02213号(商贸监管类093号)提案答复的函","https://www.ndrc.gov.cn/xxgk/jianyitianfuwen/qgzxwytafwgk/202301/t20230112_1346385.html","NDRC-提案答复函","提案答复函"
"关于政协十三届全国委员会第五次会议第02605号(农业水利类215号)提案答复的函","https://www.ndrc.gov.cn/xxgk/jianyitianfuwen/qgzxwytafwgk/202301/t20230112_1346386.html","NDRC-提案答复函","提案答复函"
"关于政协十三届全国委员会第五次会议第02700号(资源环境类214号)提案答复的函","https://www.ndrc.gov.cn/xxgk/jianyitianfuwen/qgzxwytafwgk/202301/t20230112_1346387.html","NDRC-提案答复函","提案答复函"
"关于政协十三届全国委员会第五次会议第02809号(农业水利类236号)提案答复的函","https://www.ndrc.gov.cn/xxgk/jianyitianfuwen/qgzxwytafwgk/202301/t20230112_1346388.html","NDRC-提案答复函","提案答复函"
"关于政协十三届全国委员会第五次会议第00142号(经济发展类009号)提案答复的函","https://www.ndrc.gov.cn/xxgk/jianyitianfuwen/qgzxwytafwgk/202301/t20230112_1346389.html","NDRC-提案答复函","提案答复函"
"关于政协十三届全国委员会第五次会议第04581号(商贸监管类172号)提案答复的函","https://www.ndrc.gov.cn/xxgk/jianyitianfuwen/qgzxwytafwgk/202301/t20230112_1346391.html","NDRC-提案答复函","提案答复函"
"关于政协十三届全国委员会第五次会议第04852号(商贸监管类180号)提案答复的函","https://www.ndrc.gov.cn/xxgk/jianyitianfuwen/qgzxwytafwgk/202301/t20230112_1346393.html","NDRC-提案答复函","提案答复函"
"关于政协十三届全国委员会第五次会议第04417号(经济发展类324号)提案答复的函","https://www.ndrc.gov.cn/xxgk/jianyitianfuwen/qgzxwytafwgk/202301/t20230113_1346468.html","NDRC-提案答复函","提案答复函"
"关于政协十三届全国委员会第五次会议第03619号(经济发展类254号)提案答复的函","https://www.ndrc.gov.cn/xxgk/jianyitianfuwen/qgzxwytafwgk/202301/t20230113_1346469.html","NDRC-提案答复函","提案答复函"
"关于政协十三届全国委员会第五次会议第00950号(经济发展类062号)提案答复的函","https://www.ndrc.gov.cn/xxgk/jianyitianfuwen/qgzxwytafwgk/202301/t20230113_1346470.html","NDRC-提案答复函","提案答复函"
"关于政协十三届全国委员会第五次会议第00285号(商贸监管类020号)提案答复的函","https://www.ndrc.gov.cn/xxgk/jianyitianfuwen/qgzxwytafwgk/202301/t20230113_1346471.html","NDRC-提案答复函","提案答复函"
"关于政协十三届全国委员会第五次会议第01497号(经济发展类094号)提案答复的函","https://www.ndrc.gov.cn/xxgk/jianyitianfuwen/qgzxwytafwgk/202301/t20230113_1346472.html","NDRC-提案答复函","提案答复函"
"关于政协十三届全国委员会第五次会议第04854号(经济发展类370号)提案答复的函","https://www.ndrc.gov.cn/xxgk/jianyitianfuwen/qgzxwytafwgk/202301/t20230113_1346473.html","NDRC-提案答复函","提案答复函"
"对政协十三届全国委员会第五次会议第01333号(资源环境类090号)、03963号(资源环境类312号)提案答复的函","https://www.ndrc.gov.cn/xxgk/jianyitianfuwen/qgzxwytafwgk/202301/t20230113_1346474.html","NDRC-提案答复函","提案答复函"
"关于政协十三届全国委员会第五次会议第01392号(资源环境类095号)提案答复的函","https://www.ndrc.gov.cn/xxgk/jianyitianfuwen/qgzxwytafwgk/202301/t20230113_1346475.html","NDRC-提案答复函","提案答复函"
"关于政协十三届全国委员会第五次会议第02673号(资源环境类212号)提案答复的函","https://www.ndrc.gov.cn/xxgk/jianyitianfuwen/qgzxwytafwgk/202301/t20230113_1346476.html","NDRC-提案答复函","提案答复函"
"关于政协十三届全国委员会第五次会议第03373号(农业水利类288号)提案答复的函","https://www.ndrc.gov.cn/xxgk/jianyitianfuwen/qgzxwytafwgk/202301/t20230113_1346477.html","NDRC-提案答复函","提案答复函"
"关于政协十三届全国委员会第五次会议第03668号(经济发展类259号)提案答复的函","https://www.ndrc.gov.cn/xxgk/jianyitianfuwen/qgzxwytafwgk/202301/t20230113_1346478.html","NDRC-提案答复函","提案答复函"
"关于政协十三届全国委员会第五次会议第04141号(资源环境类329号)提案答复的函","https://www.ndrc.gov.cn/xxgk/jianyitianfuwen/qgzxwytafwgk/202301/t20230113_1346479.html","NDRC-提案答复函","提案答复函"
"关于政协十三届全国委员会第五次会议第04578号(经济发展类342号)提案答复的函","https://www.ndrc.gov.cn/xxgk/jianyitianfuwen/qgzxwytafwgk/202301/t20230113_1346480.html","NDRC-提案答复函","提案答复函"
"关于政协十三届全国委员会第五次会议第04586号(资源环境类353号)提案答复的函","https://www.ndrc.gov.cn/xxgk/jianyitianfuwen/qgzxwytafwgk/202301/t20230113_1346481.html","NDRC-提案答复函","提案答复函"
"关于政协十三届全国委员会第五次会议第00326号(资源环境类020号)提案答复的函","https://www.ndrc.gov.cn/xxgk/jianyitianfuwen/qgzxwytafwgk/202301/t20230113_1346482.html","NDRC-提案答复函","提案答复函"
"关于政协十三届全国委员会第五次会议第00553号(资源环境类034号)提案答复的函","https://www.ndrc.gov.cn/xxgk/jianyitianfuwen/qgzxwytafwgk/202301/t20230113_1346483.html","NDRC-提案答复函","提案答复函"
"关于政协十三届全国委员会第五次会议第01461号(工交邮电类189号)提案答复的函","https://www.ndrc.gov.cn/xxgk/jianyitianfuwen/qgzxwytafwgk/202301/t20230113_1346484.html","NDRC-提案答复函","提案答复函"
"关于政协十三届全国委员会第五次会议第02110号(资源环境类162号)提案答复的函","https://www.ndrc.gov.cn/xxgk/jianyitianfuwen/qgzxwytafwgk/202301/t20230113_1346486.html","NDRC-提案答复函","提案答复函"
"关于政协十三届全国委员会第五次会议第02396号(经济发展类148号)提案答复的函","https://www.ndrc.gov.cn/xxgk/jianyitianfuwen/qgzxwytafwgk/202301/t20230113_1346488.html","NDRC-提案答复函","提案答复函"
"关于政协十三届全国委员会第五次会议第02898号(财税金融类191号)提案答复的函","https://www.ndrc.gov.cn/xxgk/jianyitianfuwen/qgzxwytafwgk/202301/t20230113_1346490.html","NDRC-提案答复函","提案答复函"
"关于政协十三届全国委员会第五次会议第03778号(经济发展类267号)提案答复的函","https://www.ndrc.gov.cn/xxgk/jianyitianfuwen/qgzxwytafwgk/202301/t20230113_1346491.html","NDRC-提案答复函","提案答复函"
"关于政协十三届全国委员会第五次会议第03925号(经济发展类277号)提案答复的函","https://www.ndrc.gov.cn/xxgk/jianyitianfuwen/qgzxwytafwgk/202301/t20230113_1346492.html","NDRC-提案答复函","提案答复函"
"关于政协十三届全国委员会第五次会议第03988号(财税金融类262号)提案答复的函","https://www.ndrc.gov.cn/xxgk/jianyitianfuwen/qgzxwytafwgk/202301/t20230113_1346493.html","NDRC-提案答复函","提案答复函"
"关于政协十三届全国委员会第五次会议第00678号(商贸监管类042号)提案答复的函","https://www.ndrc.gov.cn/xxgk/jianyitianfuwen/qgzxwytafwgk/202301/t20230113_1346560.html","NDRC-提案答复函","提案答复函"
"关于政协十三届全国委员会第五次会议第04584号(财税金融类302号)提案答复的函","https://www.ndrc.gov.cn/xxgk/jianyitianfuwen/qgzxwytafwgk/202301/t20230113_1346561.html","NDRC-提案答复函","提案答复函"
"关于政协十三届全国委员会第五次会议第03889号(社会管理类371号)提案答复的函","https://www.ndrc.gov.cn/xxgk/jianyitianfuwen/qgzxwytafwgk/202301/t20230116_1346605.html","NDRC-提案答复函","提案答复函"
"关于政协十三届全国委员会第五次会议第00282号(财税金融类019号)提案答复的函","https://www.ndrc.gov.cn/xxgk/jianyitianfuwen/qgzxwytafwgk/202301/t20230116_1346606.html","NDRC-提案答复函","提案答复函"
"关于政协十三届全国委员会第五次会议第00614号(政治法律类042号)提案答复的函","https://www.ndrc.gov.cn/xxgk/jianyitianfuwen/qgzxwytafwgk/202301/t20230116_1346607.html","NDRC-提案答复函","提案答复函"
"关于政协十三届全国委员会第五次会议第02526号(经济发展类156号)提案答复的函","https://www.ndrc.gov.cn/xxgk/jianyitianfuwen/qgzxwytafwgk/202301/t20230116_1346608.html","NDRC-提案答复函","提案答复函"
"关于政协十三届全国委员会第五次会议第02860号(经济发展类180号)提案答复的函","https://www.ndrc.gov.cn/xxgk/jianyitianfuwen/qgzxwytafwgk/202301/t20230116_1346609.html","NDRC-提案答复函","提案答复函"
"关于政协十三届全国委员会第五次会议第03416号(财税金融类227号)提案答复的函","https://www.ndrc.gov.cn/xxgk/jianyitianfuwen/qgzxwytafwgk/202301/t20230116_1346610.html","NDRC-提案答复函","提案答复函"
"关于政协十三届全国委员会第五次会议第01436号(经济发展类088号)提案答复的函","https://www.ndrc.gov.cn/xxgk/jianyitianfuwen/qgzxwytafwgk/202301/t20230116_1346614.html","NDRC-提案答复函","提案答复函"
"关于政协十三届全国委员会第五次会议第01292号(社会管理类112号)提案答复的函","https://www.ndrc.gov.cn/xxgk/jianyitianfuwen/qgzxwytafwgk/202301/t20230116_1346615.html","NDRC-提案答复函","提案答复函"
"关于政协十三届全国委员会第五次会议第01520号(经济发展类096号)提案答复的函","https://www.ndrc.gov.cn/xxgk/jianyitianfuwen/qgzxwytafwgk/202301/t20230116_1346616.html","NDRC-提案答复函","提案答复函"
"关于政协十三届全国委员会第五次会议第03013号(社会管理类277号)提案答复的函","https://www.ndrc.gov.cn/xxgk/jianyitianfuwen/qgzxwytafwgk/202301/t20230116_1346617.html","NDRC-提案答复函","提案答复函"
"关于政协十三届全国委员会第五次会议第01256号(资源环境类089号)提案答复的函","https://www.ndrc.gov.cn/xxgk/jianyitianfuwen/qgzxwytafwgk/202301/t20230116_1346618.html","NDRC-提案答复函","提案答复函"
"关于政协十三届全国委员会第五次会议第01709号(资源环境类124号)提案答复的函","https://www.ndrc.gov.cn/xxgk/jianyitianfuwen/qgzxwytafwgk/202301/t20230116_1346619.html","NDRC-提案答复函","提案答复函"
"关于政协十三届全国委员会第五次会议第04035号(政治法律类301号)提案答复的函","https://www.ndrc.gov.cn/xxgk/jianyitianfuwen/qgzxwytafwgk/202301/t20230116_1346620.html","NDRC-提案答复函","提案答复函"
"关于政协十三届全国委员会第五次会议第04607号(资源环境类356号)提案答复的函","https://www.ndrc.gov.cn/xxgk/jianyitianfuwen/qgzxwytafwgk/202301/t20230116_1346621.html","NDRC-提案答复函","提案答复函"
"关于政协十三届全国委员会第五次会议第04763号(资源环境类365号)提案答复的函","https://www.ndrc.gov.cn/xxgk/jianyitianfuwen/qgzxwytafwgk/202301/t20230116_1346622.html","NDRC-提案答复函","提案答复函"
"关于政协十三届全国委员会第五次会议第04855号(资源环境类371号)提案答复的函","https://www.ndrc.gov.cn/xxgk/jianyitianfuwen/qgzxwytafwgk/202301/t20230116_1346623.html","NDRC-提案答复函","提案答复函"
"关于政协十三届全国委员会第五次会议第04973号(工交邮电类542号)提案答复的函","https://www.ndrc.gov.cn/xxgk/jianyitianfuwen/qgzxwytafwgk/202301/t20230116_1346624.html","NDRC-提案答复函","提案答复函"
"关于政协十三届全国委员会第五次会议第04999号(资源环境类384号)提案答复的函","https://www.ndrc.gov.cn/xxgk/jianyitianfuwen/qgzxwytafwgk/202301/t20230116_1346625.html","NDRC-提案答复函","提案答复函"
"关于政协十三届全国委员会第五次会议第04383号(财税金融类286号)提案答复的函","https://www.ndrc.gov.cn/xxgk/jianyitianfuwen/qgzxwytafwgk/202301/t20230118_1346870.html","NDRC-提案答复函","提案答复函"
"关于政协十三届全国委员会第五次会议第04640号(教育事业类472号)提案答复的函","https://www.ndrc.gov.cn/xxgk/jianyitianfuwen/qgzxwytafwgk/202301/t20230118_1346871.html","NDRC-提案答复函","提案答复函"
"关于政协十三届全国委员会第五次会议第00647号(工交邮电类086号)提案答复的函","https://www.ndrc.gov.cn/xxgk/jianyitianfuwen/qgzxwytafwgk/202301/t20230118_1346872.html","NDRC-提案答复函","提案答复函"
"关于政协十三届全国委员会第五次会议第02074号(工交邮电类258号)提案答复的函","https://www.ndrc.gov.cn/xxgk/jianyitianfuwen/qgzxwytafwgk/202301/t20230118_1346873.html","NDRC-提案答复函","提案答复函"
"关于政协十三届全国委员会第五次会议第03625号(城乡建设类099号)提案答复的函","https://www.ndrc.gov.cn/xxgk/jianyitianfuwen/qgzxwytafwgk/202301/t20230118_1346874.html","NDRC-提案答复函","提案答复函"
"关于政协十三届全国委员会第五次会议第04489号(工交邮电类502号)提案答复的函","https://www.ndrc.gov.cn/xxgk/jianyitianfuwen/qgzxwytafwgk/202301/t20230118_1346875.html","NDRC-提案答复函","提案答复函"
"关于政协十三届全国委员会第五次会议第00320号(政治法律类019号)提案答复的函","https://www.ndrc.gov.cn/xxgk/jianyitianfuwen/qgzxwytafwgk/202301/t20230118_1346876.html","NDRC-提案答复函","提案答复函"
"关于政协十三届全国委员会第五次会议第00545号(资源环境类032号)提案答复的函","https://www.ndrc.gov.cn/xxgk/jianyitianfuwen/qgzxwytafwgk/202301/t20230118_1346877.html","NDRC-提案答复函","提案答复函"
"关于政协十三届全国委员会第五次会议第01117号(经济发展类071号)提案答复的函","https://www.ndrc.gov.cn/xxgk/jianyitianfuwen/qgzxwytafwgk/202301/t20230118_1346878.html","NDRC-提案答复函","提案答复函"
"关于政协十三届全国委员会第五次会议第01599号(资源环境类116号)提案答复的函","https://www.ndrc.gov.cn/xxgk/jianyitianfuwen/qgzxwytafwgk/202301/t20230118_1346882.html","NDRC-提案答复函","提案答复函"
"关于政协十三届全国委员会第五次会议第00312号(资源环境类019号)提案答复的函","https://www.ndrc.gov.cn/xxgk/jianyitianfuwen/qgzxwytafwgk/202301/t20230118_1346884.html","NDRC-提案答复函","提案答复函"
"关于政协十三届全国委员会第五次会议第00312号(资源环境类019号)提案答复的函","https://www.ndrc.gov.cn/xxgk/jianyitianfuwen/qgzxwytafwgk/202301/t20230118_1346885.html","NDRC-提案答复函","提案答复函"
"关于政协十三届全国委员会第五次会议第02111号(城乡建设类058号)提案答复的函","https://www.ndrc.gov.cn/xxgk/jianyitianfuwen/qgzxwytafwgk/202301/t20230118_1346886.html","NDRC-提案答复函","提案答复函"
"关于政协十三届全国委员会第五次会议第02281号(工交邮电类281号)提案答复的函","https://www.ndrc.gov.cn/xxgk/jianyitianfuwen/qgzxwytafwgk/202301/t20230118_1346887.html","NDRC-提案答复函","提案答复函"
"关于政协十三届全国委员会第五次会议第02298号(经济发展类141号)提案答复的函","https://www.ndrc.gov.cn/xxgk/jianyitianfuwen/qgzxwytafwgk/202301/t20230118_1346888.html","NDRC-提案答复函","提案答复函"
"关于政协十三届全国委员会第五次会议第02764号(资源环境类223号)提案答复的函","https://www.ndrc.gov.cn/xxgk/jianyitianfuwen/qgzxwytafwgk/202301/t20230118_1346889.html","NDRC-提案答复函","提案答复函"
"关于政协十三届全国委员会第五次会议第03079号(经济发展类208号)提案答复的函","https://www.ndrc.gov.cn/xxgk/jianyitianfuwen/qgzxwytafwgk/202301/t20230118_1346890.html","NDRC-提案答复函","提案答复函"
"关于政协十三届全国委员会第五次会议第03380号(资源环境类272号)提案答复的函","https://www.ndrc.gov.cn/xxgk/jianyitianfuwen/qgzxwytafwgk/202301/t20230118_1346891.html","NDRC-提案答复函","提案答复函"
"关于政协十三届全国委员会第五次会议第04951号(城乡建设类128号)提案答复的函","https://www.ndrc.gov.cn/xxgk/jianyitianfuwen/qgzxwytafwgk/202301/t20230118_1346892.html","NDRC-提案答复函","提案答复函"
"关于政协十四届全国委员会第一次会议第00170号（财税金融类021号）提案答复的函","https://www.ndrc.gov.cn/xxgk/jianyitianfuwen/qgzxwytafwgk/202401/t20240126_1363682.html","NDRC-提案答复函","提案答复函"
"关于政协十四届全国委员会第一次会议第02764号（经济发展类314号）提案答复的函","https://www.ndrc.gov.cn/xxgk/jianyitianfuwen/qgzxwytafwgk/202401/t20240126_1363683.html","NDRC-提案答复函","提案答复函"
"关于政协十四届全国委员会第一次会议第03754号（财税金融类241号）提案答复的函","https://www.ndrc.gov.cn/xxgk/jianyitianfuwen/qgzxwytafwgk/202401/t20240126_1363684.html","NDRC-提案答复函","提案答复函"
"关于政协十四届全国委员会第一次会议第00006号（经济发展类001号）提案答复的函","https://www.ndrc.gov.cn/xxgk/jianyitianfuwen/qgzxwytafwgk/202401/t20240126_1363687.html","NDRC-提案答复函","提案答复函"
"关于政协十四届全国委员会第一次会议第00362号（经济发展类045号）提案答复的函","https://www.ndrc.gov.cn/xxgk/jianyitianfuwen/qgzxwytafwgk/202401/t20240126_1363688.html","NDRC-提案答复函","提案答复函"
"关于政协十四届全国委员会第一次会议第01041号（商贸监管类059号）提案答复的函","https://www.ndrc.gov.cn/xxgk/jianyitianfuwen/qgzxwytafwgk/202401/t20240126_1363689.html","NDRC-提案答复函","提案答复函"
"关于政协十四届全国委员会第一次会议第01183号（商贸监管类066号）提案答复的函","https://www.ndrc.gov.cn/xxgk/jianyitianfuwen/qgzxwytafwgk/202401/t20240126_1363690.html","NDRC-提案答复函","提案答复函"
"关于政协十四届全国委员会第一次会议第02921号（经济发展类326号）提案答复的函","https://www.ndrc.gov.cn/xxgk/jianyitianfuwen/qgzxwytafwgk/202401/t20240126_1363691.html","NDRC-提案答复函","提案答复函"
"关于政协十四届全国委员会第一次会议第03329号（经济发展类364号）提案答复的函","https://www.ndrc.gov.cn/xxgk/jianyitianfuwen/qgzxwytafwgk/202401/t20240126_1363694.html","NDRC-提案答复函","提案答复函"
"关于政协十四届全国委员会第一次会议第00120号（经济发展类014号）提案答复的函","https://www.ndrc.gov.cn/xxgk/jianyitianfuwen/qgzxwytafwgk/202401/t20240126_1363701.html","NDRC-提案答复函","提案答复函"
"关于政协十四届全国委员会第一次会议第01571号（资源环境类094号）提案答复的函","https://www.ndrc.gov.cn/xxgk/jianyitianfuwen/qgzxwytafwgk/202401/t20240126_1363703.html","NDRC-提案答复函","提案答复函"
"关于政协十四届全国委员会第一次会议第02489号（资源环境类167号）提案答复的函","https://www.ndrc.gov.cn/xxgk/jianyitianfuwen/qgzxwytafwgk/202401/t20240126_1363704.html","NDRC-提案答复函","提案答复函"
"关于政协十四届全国委员会第一次会议第02608号（经济发展类300号）提案答复的函","https://www.ndrc.gov.cn/xxgk/jianyitianfuwen/qgzxwytafwgk/202401/t20240126_1363705.html","NDRC-提案答复函","提案答复函"
"关于政协十四届全国委员会第一次会议第04244号（资源环境类269号）提案答复的函","https://www.ndrc.gov.cn/xxgk/jianyitianfuwen/qgzxwytafwgk/202401/t20240126_1363706.html","NDRC-提案答复函","提案答复函"
"关于政协十四届全国委员会第一次会议第02502号（资源环境类169号）提案答复的函","https://www.ndrc.gov.cn/xxgk/jianyitianfuwen/qgzxwytafwgk/202401/t20240126_1363709.html","NDRC-提案答复函","提案答复函"
"关于政协十四届全国委员会第一次会议第02093号（社会管理类150号）提案答复的函","https://www.ndrc.gov.cn/xxgk/jianyitianfuwen/qgzxwytafwgk/202401/t20240126_1363710.html","NDRC-提案答复函","提案答复函"
"关于政协十四届全国委员会第一次会议第02137号（农业水利类194号）提案答复的函","https://www.ndrc.gov.cn/xxgk/jianyitianfuwen/qgzxwytafwgk/202401/t20240126_1363715.html","NDRC-提案答复函","提案答复函"
"关于政协十四届全国委员会第一次会议第00273号（农业水利类029号）提案答复的函","https://www.ndrc.gov.cn/xxgk/jianyitianfuwen/qgzxwytafwgk/202401/t20240126_1363716.html","NDRC-提案答复函","提案答复函"
"关于政协十四届全国委员会第一次会议第00675号（经济发展类080号）提案答复的函","https://www.ndrc.gov.cn/xxgk/jianyitianfuwen/qgzxwytafwgk/202401/t20240126_1363717.html","NDRC-提案答复函","提案答复函"
"关于政协十四届全国委员会第一次会议第01733号（经济发展类197号）提案答复的函","https://www.ndrc.gov.cn/xxgk/jianyitianfuwen/qgzxwytafwgk/202401/t20240126_1363718.html","NDRC-提案答复函","提案答复函"
"关于政协十四届全国委员会第一次会议第01783号（经济发展类205号）提案答复的函","https://www.ndrc.gov.cn/xxgk/jianyitianfuwen/qgzxwytafwgk/202401/t20240126_1363719.html","NDRC-提案答复函","提案答复函"
"关于政协十四届全国委员会第一次会议第02161号（经济发展类255号）提案答复的函","https://www.ndrc.gov.cn/xxgk/jianyitianfuwen/qgzxwytafwgk/202401/t20240126_1363720.html","NDRC-提案答复函","提案答复函"
"关于政协十四届全国委员会第一次会议第02538号（经济发展类294号）提案答复的函","https://www.ndrc.gov.cn/xxgk/jianyitianfuwen/qgzxwytafwgk/202401/t20240126_1363721.html","NDRC-提案答复函","提案答复函"
"关于政协十四届全国委员会第一次会议第01702号（城乡建设类055号）提案答复的函","https://www.ndrc.gov.cn/xxgk/jianyitianfuwen/qgzxwytafwgk/202401/t20240126_1363736.html","NDRC-提案答复函","提案答复函"
"关于政协十四届全国委员会第一次会议第00866号（经济发展类104号）提案答复的函","https://www.ndrc.gov.cn/xxgk/jianyitianfuwen/qgzxwytafwgk/202401/t20240126_1363739.html","NDRC-提案答复函","提案答复函"
"关于政协十四届全国委员会第一次会议第01235号（经济发展类146号）提案答复的函","https://www.ndrc.gov.cn/xxgk/jianyitianfuwen/qgzxwytafwgk/202401/t20240126_1363741.html","NDRC-提案答复函","提案答复函"
"关于政协十四届全国委员会第一次会议第01504号（经济发展类171号）提案答复的函","https://www.ndrc.gov.cn/xxgk/jianyitianfuwen/qgzxwytafwgk/202401/t20240126_1363742.html","NDRC-提案答复函","提案答复函"
"关于政协十四届全国委员会第一次会议第02296号（商贸监管类118号）提案答复的函","https://www.ndrc.gov.cn/xxgk/jianyitianfuwen/qgzxwytafwgk/202401/t20240126_1363743.html","NDRC-提案答复函","提案答复函"
"关于政协十四届全国委员会第一次会议第02858号（经济发展类321号）提案答复的函","https://www.ndrc.gov.cn/xxgk/jianyitianfuwen/qgzxwytafwgk/202401/t20240126_1363744.html","NDRC-提案答复函","提案答复函"
"关于政协十四届全国委员会第一次会议第02863号（经济发展类323号）提案答复的函","https://www.ndrc.gov.cn/xxgk/jianyitianfuwen/qgzxwytafwgk/202401/t20240126_1363745.html","NDRC-提案答复函","提案答复函"
"关于政协十四届全国委员会第一次会议第02874号(工交邮电类401号)提案答复的函","https://www.ndrc.gov.cn/xxgk/jianyitianfuwen/qgzxwytafwgk/202401/t20240126_1363747.html","NDRC-提案答复函","提案答复函"
"关于政协十四届全国委员会第一次会议第02415号（工交邮电类335号）提案答复的函","https://www.ndrc.gov.cn/xxgk/jianyitianfuwen/qgzxwytafwgk/202401/t20240126_1363755.html","NDRC-提案答复函","提案答复函"
"关于政协十四届全国委员会第一次会议第03288号（工交邮电类453号）提案答复的函","https://www.ndrc.gov.cn/xxgk/jianyitianfuwen/qgzxwytafwgk/202401/t20240126_1363756.html","NDRC-提案答复函","提案答复函"
"关于政协十四届全国委员会第一次会议第01837号（经济发展类211号）提案答复的函","https://www.ndrc.gov.cn/xxgk/jianyitianfuwen/qgzxwytafwgk/202401/t20240126_1363757.html","NDRC-提案答复函","提案答复函"
"关于政协十四届全国委员会第一次会议第03895号（经济发展类419号）提案答复的函","https://www.ndrc.gov.cn/xxgk/jianyitianfuwen/qgzxwytafwgk/202401/t20240126_1363758.html","NDRC-提案答复函","提案答复函"
"关于政协十四届全国委员会第一次会议第04676号（经济发展类480号）提案答复的函","https://www.ndrc.gov.cn/xxgk/jianyitianfuwen/qgzxwytafwgk/202401/t20240126_1363759.html","NDRC-提案答复函","提案答复函"
"关于政协十四届全国委员会第二次会议第00067号（财税金融类005号）提案答复的函","https://www.ndrc.gov.cn/xxgk/jianyitianfuwen/qgzxwytafwgk/202412/t20241227_1395202.html","NDRC-提案答复函","提案答复函"
"关于政协十四届全国委员会第二次会议第00441号（资源环境类029号）提案答复的函","https://www.ndrc.gov.cn/xxgk/jianyitianfuwen/qgzxwytafwgk/202412/t20241227_1395203.html","NDRC-提案答复函","提案答复函"
"关于政协十四届全国委员会第二次会议第00561号（工交邮电类074号）提案答复的函","https://www.ndrc.gov.cn/xxgk/jianyitianfuwen/qgzxwytafwgk/202412/t20241227_1395204.html","NDRC-提案答复函","提案答复函"
"关于政协十四届全国委员会第二次会议第00620号（农业水利类050号）提案答复的函","https://www.ndrc.gov.cn/xxgk/jianyitianfuwen/qgzxwytafwgk/202412/t20241227_1395205.html","NDRC-提案答复函","提案答复函"
"关于政协十四届全国委员会第二次会议第00687号（工交邮电类096号）提案答复的函","https://www.ndrc.gov.cn/xxgk/jianyitianfuwen/qgzxwytafwgk/202412/t20241227_1395206.html","NDRC-提案答复函","提案答复函"
"关于政协十四届全国委员会第二次会议第00747号（农业水利类064号）提案答复的函","https://www.ndrc.gov.cn/xxgk/jianyitianfuwen/qgzxwytafwgk/202412/t20241227_1395207.html","NDRC-提案答复函","提案答复函"
"关于政协十四届全国委员会第二次会议第01172号（教育事业类104号）提案答复的函","https://www.ndrc.gov.cn/xxgk/jianyitianfuwen/qgzxwytafwgk/202412/t20241227_1395208.html","NDRC-提案答复函","提案答复函"
"关于政协十四届全国委员会第二次会议第01293号（资源环境类100号）、01979号（资源环境类146号）提案答复的函","https://www.ndrc.gov.cn/xxgk/jianyitianfuwen/qgzxwytafwgk/202412/t20241227_1395209.html","NDRC-提案答复函","提案答复函"
"关于政协十四届全国委员会第二次会议第01380号（社会管理类137号）提案答复的函","https://www.ndrc.gov.cn/xxgk/jianyitianfuwen/qgzxwytafwgk/202412/t20241227_1395210.html","NDRC-提案答复函","提案答复函"
"关于政协十四届全国委员会第二次会议第01507号（工交邮电类222号）提案答复的函","https://www.ndrc.gov.cn/xxgk/jianyitianfuwen/qgzxwytafwgk/202412/t20241227_1395211.html","NDRC-提案答复函","提案答复函"
"关于政协十四届全国委员会第二次会议第01545号（经济发展类104号）提案答复的函","https://www.ndrc.gov.cn/xxgk/jianyitianfuwen/qgzxwytafwgk/202412/t20241227_1395212.html","NDRC-提案答复函","提案答复函"
"关于政协十四届全国委员会第二次会议第01943号（经济发展类135号）提案答复的函","https://www.ndrc.gov.cn/xxgk/jianyitianfuwen/qgzxwytafwgk/202412/t20241227_1395213.html","NDRC-提案答复函","提案答复函"
"关于政协十四届全国委员会第二次会议第01950号（资源环境类143号）提案答复的函","https://www.ndrc.gov.cn/xxgk/jianyitianfuwen/qgzxwytafwgk/202412/t20241227_1395214.html","NDRC-提案答复函","提案答复函"
"关于政协十四届全国委员会第二次会议第02016号（资源环境类149号）提案答复的函","https://www.ndrc.gov.cn/xxgk/jianyitianfuwen/qgzxwytafwgk/202412/t20241227_1395215.html","NDRC-提案答复函","提案答复函"
"关于政协十四届全国委员会第二次会议第02084号（社会管理类204号）提案答复的函","https://www.ndrc.gov.cn/xxgk/jianyitianfuwen/qgzxwytafwgk/202412/t20241227_1395216.html","NDRC-提案答复函","提案答复函"
"关于政协十四届全国委员会第二次会议第02122号（城乡建设类058号）提案答复的函","https://www.ndrc.gov.cn/xxgk/jianyitianfuwen/qgzxwytafwgk/202412/t20241227_1395217.html","NDRC-提案答复函","提案答复函"
"关于政协十四届全国委员会第二次会议第02197号（教育事业类199号）提案答复的函","https://www.ndrc.gov.cn/xxgk/jianyitianfuwen/qgzxwytafwgk/202412/t20241227_1395218.html","NDRC-提案答复函","提案答复函"
"关于政协十四届全国委员会第二次会议第02280号（农业水利类172号）提案答复的函","https://www.ndrc.gov.cn/xxgk/jianyitianfuwen/qgzxwytafwgk/202412/t20241227_1395219.html","NDRC-提案答复函","提案答复函"
"关于政协十四届全国委员会第二次会议第02663号（工交邮电类375号）提案答复的函","https://www.ndrc.gov.cn/xxgk/jianyitianfuwen/qgzxwytafwgk/202412/t20241227_1395220.html","NDRC-提案答复函","提案答复函"
"关于政协十四届全国委员会第二次会议第02820号（工交邮电类404号）提案答复的函","https://www.ndrc.gov.cn/xxgk/jianyitianfuwen/qgzxwytafwgk/202412/t20241227_1395221.html","NDRC-提案答复函","提案答复函"
"关于政协十四届全国委员会第二次会议第03032号（经济发展类211号）提案答复的函","https://www.ndrc.gov.cn/xxgk/jianyitianfuwen/qgzxwytafwgk/202412/t20241227_1395222.html","NDRC-提案答复函","提案答复函"
"关于政协十四届全国委员会第二次会议第03039号（社会管理类283号）、01928号（社会管理类193号）、04672号（社会管理类401号）提案答复的函","https://www.ndrc.gov.cn/xxgk/jianyitianfuwen/qgzxwytafwgk/202412/t20241227_1395223.html","NDRC-提案答复函","提案答复函"
"关于政协十四届全国委员会第二次会议第03241号（农业水利类238号）提案答复的函","https://www.ndrc.gov.cn/xxgk/jianyitianfuwen/qgzxwytafwgk/202412/t20241227_1395224.html","NDRC-提案答复函","提案答复函"
"关于政协十四届全国委员会第二次会议第03256号（商贸监管类153号）提案答复的函","https://www.ndrc.gov.cn/xxgk/jianyitianfuwen/qgzxwytafwgk/202412/t20241227_1395225.html","NDRC-提案答复函","提案答复函"
"关于政协十四届全国委员会第二次会议第03384号（工交邮电类498号）提案答复的函","https://www.ndrc.gov.cn/xxgk/jianyitianfuwen/qgzxwytafwgk/202412/t20241227_1395227.html","NDRC-提案答复函","提案答复函"
"关于政协十四届全国委员会第二次会议第03451号（资源环境类244号）提案答复的函","https://www.ndrc.gov.cn/xxgk/jianyitianfuwen/qgzxwytafwgk/202412/t20241227_1395228.html","NDRC-提案答复函","提案答复函"
"关于政协十四届全国委员会第二次会议第03820号（资源环境类270号）提案答复的函","https://www.ndrc.gov.cn/xxgk/jianyitianfuwen/qgzxwytafwgk/202412/t20241227_1395229.html","NDRC-提案答复函","提案答复函"
"关于政协十四届全国委员会第二次会议第03876号（教育事业类375号）提案答复的函","https://www.ndrc.gov.cn/xxgk/jianyitianfuwen/qgzxwytafwgk/202412/t20241227_1395230.html","NDRC-提案答复函","提案答复函"
"关于政协十四届全国委员会第二次会议第04012号（经济发展类280号）提案答复的函","https://www.ndrc.gov.cn/xxgk/jianyitianfuwen/qgzxwytafwgk/202412/t20241227_1395231.html","NDRC-提案答复函","提案答复函"
"关于政协十四届全国委员会第二次会议第04060号（财税金融类255号）提案答复的函","https://www.ndrc.gov.cn/xxgk/jianyitianfuwen/qgzxwytafwgk/202412/t20241227_1395232.html","NDRC-提案答复函","提案答复函"
"关于政协十四届全国委员会第二次会议第04318号（经济发展类297号）提案答复的函","https://www.ndrc.gov.cn/xxgk/jianyitianfuwen/qgzxwytafwgk/202412/t20241227_1395233.html","NDRC-提案答复函","提案答复函"
"关于政协十四届全国委员会第二次会议第04904号（资源环境类316号）提案答复的函","https://www.ndrc.gov.cn/xxgk/jianyitianfuwen/qgzxwytafwgk/202412/t20241227_1395234.html","NDRC-提案答复函","提案答复函"
"关于政协十四届全国委员会第二次会议第04957号（资源环境类322号）提案答复的函","https://www.ndrc.gov.cn/xxgk/jianyitianfuwen/qgzxwytafwgk/202412/t20241227_1395235.html","NDRC-提案答复函","提案答复函"
"关于政协十四届全国委员会第三次会议第00267号（经济发展类031号）提案答复的函","https://www.ndrc.gov.cn/xxgk/jianyitianfuwen/qgzxwytafwgk/202511/t20251120_1401750.html","NDRC-提案答复函","提案答复函"
"关于政协十四届全国委员会第三次会议第00288号（经济发展类032号）提案答复的函","https://www.ndrc.gov.cn/xxgk/jianyitianfuwen/qgzxwytafwgk/202511/t20251120_1401752.html","NDRC-提案答复函","提案答复函"
"关于政协十四届全国委员会第三次会议第00558号（财税金融类036号）提案答复的函","https://www.ndrc.gov.cn/xxgk/jianyitianfuwen/qgzxwytafwgk/202511/t20251120_1401754.html","NDRC-提案答复函","提案答复函"
"关于政协十四届全国委员会第三次会议第00683号（政治法律类057号）提案答复的函","https://www.ndrc.gov.cn/xxgk/jianyitianfuwen/qgzxwytafwgk/202511/t20251120_1401756.html","NDRC-提案答复函","提案答复函"
"关于政协十四届全国委员会第三次会议第01289号（财税金融类090号）提案答复的函","https://www.ndrc.gov.cn/xxgk/jianyitianfuwen/qgzxwytafwgk/202511/t20251120_1401757.html","NDRC-提案答复函","提案答复函"
"关于政协十四届全国委员会第三次会议第01432号（经济发展类139号）提案答复的函","https://www.ndrc.gov.cn/xxgk/jianyitianfuwen/qgzxwytafwgk/202511/t20251120_1401758.html","NDRC-提案答复函","提案答复函"
"关于政协十四届全国委员会第三次会议第01568号（财税金融类103号）提案答复的函","https://www.ndrc.gov.cn/xxgk/jianyitianfuwen/qgzxwytafwgk/202511/t20251120_1401759.html","NDRC-提案答复函","提案答复函"
"关于政协十四届全国委员会第三次会议第01710号（经济发展类172号）提案答复的函","https://www.ndrc.gov.cn/xxgk/jianyitianfuwen/qgzxwytafwgk/202511/t20251120_1401760.html","NDRC-提案答复函","提案答复函"
"关于政协十四届全国委员会第三次会议第01734号（工交邮电类253号）提案答复的函","https://www.ndrc.gov.cn/xxgk/jianyitianfuwen/qgzxwytafwgk/202511/t20251120_1401761.html","NDRC-提案答复函","提案答复函"
"关于政协十四届全国委员会第三次会议第02018号（工交邮电类301号）提案答复的函","https://www.ndrc.gov.cn/xxgk/jianyitianfuwen/qgzxwytafwgk/202511/t20251120_1401762.html","NDRC-提案答复函","提案答复函"
"关于政协十四届全国委员会第三次会议第02363号（资源环境类145号）提案答复的函","https://www.ndrc.gov.cn/xxgk/jianyitianfuwen/qgzxwytafwgk/202511/t20251120_1401763.html","NDRC-提案答复函","提案答复函"
"关于政协十四届全国委员会第三次会议第02474号（工交邮电类363号）提案答复的函","https://www.ndrc.gov.cn/xxgk/jianyitianfuwen/qgzxwytafwgk/202511/t20251120_1401764.html","NDRC-提案答复函","提案答复函"
"关于政协十四届全国委员会第三次会议第02653号（财税金融类164号）提案答复的函","https://www.ndrc.gov.cn/xxgk/jianyitianfuwen/qgzxwytafwgk/202511/t20251120_1401766.html","NDRC-提案答复函","提案答复函"
"关于政协十四届全国委员会第三次会议第02888号（经济发展类295号）提案答复的函","https://www.ndrc.gov.cn/xxgk/jianyitianfuwen/qgzxwytafwgk/202511/t20251120_1401767.html","NDRC-提案答复函","提案答复函"
"关于政协十四届全国委员会第三次会议第03124号（工交邮电类457号）提案答复的函","https://www.ndrc.gov.cn/xxgk/jianyitianfuwen/qgzxwytafwgk/202511/t20251120_1401768.html","NDRC-提案答复函","提案答复函"
"关于政协十四届全国委员会第三次会议第03192号（资源环境类198号）提案答复的函","https://www.ndrc.gov.cn/xxgk/jianyitianfuwen/qgzxwytafwgk/202511/t20251120_1401769.html","NDRC-提案答复函","提案答复函"
"关于政协十四届全国委员会第三次会议第03351号（社会管理类276号）提案答复的函","https://www.ndrc.gov.cn/xxgk/jianyitianfuwen/qgzxwytafwgk/202511/t20251120_1401770.html","NDRC-提案答复函","提案答复函"
"关于政协十四届全国委员会第三次会议第03669号（工交邮电类563号）提案答复的函","https://www.ndrc.gov.cn/xxgk/jianyitianfuwen/qgzxwytafwgk/202511/t20251120_1401771.html","NDRC-提案答复函","提案答复函"
"关于政协十四届全国委员会第三次会议第04085号（经济发展类413号）提案答复的函","https://www.ndrc.gov.cn/xxgk/jianyitianfuwen/qgzxwytafwgk/202511/t20251120_1401772.html","NDRC-提案答复函","提案答复函"
"关于政协十四届全国委员会第三次会议第04153号（经济发展类422号）、03334号（经济发展类336号）提案答复的函","https://www.ndrc.gov.cn/xxgk/jianyitianfuwen/qgzxwytafwgk/202511/t20251120_1401773.html","NDRC-提案答复函","提案答复函"
"关于政协十四届全国委员会第三次会议第04370号（经济发展类440号）提案答复的函","https://www.ndrc.gov.cn/xxgk/jianyitianfuwen/qgzxwytafwgk/202511/t20251120_1401774.html","NDRC-提案答复函","提案答复函"
"关于政协十四届全国委员会第三次会议第04612号（城乡建设类113号）提案答复的函","https://www.ndrc.gov.cn/xxgk/jianyitianfuwen/qgzxwytafwgk/202511/t20251120_1401775.html","NDRC-提案答复函","提案答复函"
"关于政协十四届全国委员会第三次会议第04821号（资源环境类291号）提案答复的函","https://www.ndrc.gov.cn/xxgk/jianyitianfuwen/qgzxwytafwgk/202511/t20251120_1401776.html","NDRC-提案答复函","提案答复函"
"关于政协十四届全国委员会第三次会议第04860号（经济发展类487号）提案答复的函","https://www.ndrc.gov.cn/xxgk/jianyitianfuwen/qgzxwytafwgk/202511/t20251120_1401777.html","NDRC-提案答复函","提案答复函"
"关于政协十四届全国委员会第三次会议第03281号（工交邮电类488号）提案答复的函","https://www.ndrc.gov.cn/xxgk/jianyitianfuwen/qgzxwytafwgk/202511/t20251120_1401778.html","NDRC-提案答复函","提案答复函"
"食品安全国家标准审评委员会秘书处关于征求食品营养强化剂等5项标准意见的函","local:征求意见函/食标秘_食品营养强化剂标准征求意见函_食标秘发2023-4号.txt","食标秘-征求意见函","征求意见函"
"关于公开征求《固定污染源排污许可分类管理名录（修订征求意见稿）》意见的函","local:征求意见函/MEE_固定污染源排污许可名录征求意见函_2026.txt","生态环境部-征求意见函","征求意见函"
"食品安全国家标准审评委员会秘书处关于征求2026年度标准立项计划意见的函","local:征求意见函/食标秘_2026年度标准立项计划征求意见函_食标秘发2026-5号.txt","食标秘-征求意见函","征求意见函"
"国家卫生健康委办公厅关于征求成人脑卒中等三个食养指南意见的函","local:征求意见函/NHC_食养指南征求意见函_2026.txt","国家卫健委-征求意见函","征求意见函"
"食品安全国家标准审评委员会秘书处关于征求2025年度标准立项计划意见的函","local:征求意见函/食标秘_2025年度标准立项计划征求意见函_食标秘发2025-1号.txt","食标秘-征求意见函","征求意见函"
"国家卫生健康委规划司关于公开征求《医院洁净手术部建筑技术规范》意见的函","local:征求意见函/NHC_医院洁净手术部规范征求意见函_2024.txt","国家卫健委-征求意见函","征求意见函"
"国家卫生健康委规划司关于公开征求《传染病医院建筑设计规范》意见的函","local:征求意见函/NHC_传染病医院设计规范征求意见函_2024.txt","国家卫健委-征求意见函","征求意见函"
"关于公开征求《建设项目环境影响评价分类管理名录（修订征求意见稿）》意见的函","local:征求意见函/MEE_建设项目环评分类管理名录征求意见函_2026.txt","生态环境部-征求意见函","征求意见函"
